Unnamed: 0,Team,Adj OE,Adj DE,Barthag,Record,Wins,Games,eFG,eFG D.,FT Rate,FT Rate D,TOV%,TOV% D,O Reb%,Op OReb%,Raw T,2P %,2P % D.,3P %,3P % D.,Blk %,Blked %,Ast %,Op Ast %,3P Rate,3P Rate D,Adj. T,Avg Hgt.,Eff. Hgt.,Exp.,Year,PAKE,PASE,Talent,Unnamed: 35,FT%,Op. FT%,PPP Off.,PPP Def.,Elite SOS,Team.1
1,Houston,124.709,87.325,0.984,35–5,35,40,51.7,44.8,27.2,34.2,14.2,20.9,36.9,28.6,62.4,47.8,44.5,39.4,30.2,15.8,6.9,45.1,58.1,34.7,43.4,61.781,76.804,79.589,2.288,2025,1.483,1.711,75.719,,74.0,71.8,1.162,0.925,41.533,Houston
2,Duke,130.606,91.992,0.983,35–4,35,39,57.9,44.4,32.9,25.0,14.0,17.1,34.0,27.3,66.6,57.9,43.0,38.6,31.1,10.9,9.4,58.6,50.4,44.6,38.3,65.963,79.779,82.253,0.964,2025,0.369,0.711,80.852,,79.0,72.9,1.25,0.943,33.164,Duke
3,Auburn,127.777,92.905,0.975,32–6,32,38,54.9,46.1,33.9,38.7,13.6,17.4,34.2,29.7,69.1,55.7,46.8,35.9,29.8,15.8,7.7,54.9,40.4,40.8,35.3,68.287,78.513,81.085,2.572,2025,0.674,0.711,34.321,,72.7,73.0,1.196,1.0,46.46,Auburn
4,Florida,127.886,94.092,0.971,36–4,36,40,54.9,45.5,34.9,32.5,15.7,16.6,38.5,29.0,70.6,56.1,46.3,35.6,29.4,11.7,8.7,52.4,45.2,43.7,37.2,69.904,78.045,82.17,2.041,2025,2.854,2.711,28.524,,72.8,71.2,1.201,0.986,40.846,Florida
5,Alabama,127.812,96.567,0.962,28–9,28,37,56.6,47.8,39.3,33.2,16.6,13.5,33.7,29.4,76.1,59.7,49.0,35.3,30.4,10.1,12.1,55.4,44.8,46.6,34.6,75.064,78.065,82.566,1.815,2025,0.587,0.671,59.028,,72.0,71.0,1.185,1.062,47.788,Alabama
6,Tennessee,120.248,91.813,0.957,30–8,30,38,52.5,45.0,35.5,28.2,16.1,17.7,35.6,30.3,64.9,54.0,46.6,33.8,28.7,15.1,9.2,60.6,47.0,43.4,44.6,63.921,77.126,81.339,2.654,2025,0.725,0.671,51.516,,74.5,73.9,1.14,0.971,42.555,Tennessee
7,Texas Tech,126.074,97.558,0.95,28–9,28,37,54.7,48.1,29.2,33.4,14.2,17.1,34.2,28.3,66.5,54.5,47.9,36.7,32.4,8.3,7.9,57.2,46.3,44.5,34.6,66.138,76.4,79.854,1.949,2025,0.847,1.151,36.976,,76.0,71.3,1.195,1.012,35.95,Texas Tech
8,Gonzaga,124.816,96.677,0.95,26–9,26,35,56.0,47.5,30.7,29.3,13.4,18.0,32.5,26.9,70.4,57.5,48.9,35.4,30.2,8.3,8.2,62.4,49.3,33.6,40.2,70.507,77.321,80.884,2.516,2025,-0.086,0.276,60.907,,80.4,72.9,1.215,0.983,28.179,Gonzaga
9,Maryland,118.661,92.055,0.949,27–9,27,36,53.6,47.1,33.1,26.1,14.3,20.1,30.7,28.2,70.4,52.2,47.8,37.3,30.6,11.8,6.8,49.1,49.2,35.4,36.2,69.705,77.504,80.922,1.639,2025,-0.095,0.454,66.348,,75.0,73.7,1.148,0.951,33.921,Maryland
10,Arizona,124.947,97.378,0.946,24–13,24,37,53.3,48.9,35.8,29.8,16.0,16.2,36.0,27.9,70.5,54.7,47.5,33.8,34.0,12.1,7.1,55.6,51.9,34.7,41.3,70.275,77.897,80.514,1.916,2025,0.129,0.454,66.421,,78.0,71.7,1.163,1.033,44.472,Arizona
11,Iowa St.,119.341,93.277,0.944,25–10,25,35,54.9,48.9,37.9,29.0,17.0,21.6,32.2,27.9,69.4,55.5,47.8,35.8,33.6,10.1,8.9,53.4,55.6,36.8,40.9,68.769,77.876,81.048,2.389,2025,-1.047,-0.849,35.627,,75.3,75.0,1.141,0.971,36.237,Iowa St.
12,Wisconsin,123.139,96.731,0.941,27–10,27,37,53.8,48.1,34.2,27.7,14.0,14.5,28.0,26.7,68.7,55.2,46.9,34.8,33.3,6.3,10.7,54.2,49.9,48.2,39.1,67.873,78.118,81.786,2.227,2025,-0.805,-0.849,24.786,,82.6,72.9,1.163,1.028,36.799,Wisconsin
13,Michigan St.,117.3,92.294,0.94,30–7,30,37,50.9,46.2,37.7,31.5,16.4,15.9,35.3,24.7,69.0,53.0,49.1,31.1,28.0,13.2,8.0,61.1,52.6,32.9,40.7,67.649,77.954,81.787,1.744,2025,0.858,0.671,74.826,,77.9,71.4,1.123,0.97,37.195,Michigan St.
14,BYU,126.827,100.19,0.938,26–10,26,36,57.0,51.4,30.4,29.4,17.4,16.9,33.7,26.4,68.1,58.6,49.6,36.8,35.7,10.0,8.3,59.6,53.0,47.6,46.2,67.578,78.138,80.58,1.907,2025,0.791,0.941,35.894,,71.3,71.5,1.176,1.048,37.08,BYU
15,Purdue,125.636,99.346,0.937,24–12,24,36,55.9,51.8,34.6,30.1,15.7,17.5,31.8,29.7,66.2,55.1,55.6,38.2,31.2,5.1,8.5,58.3,58.0,38.4,42.6,65.202,77.019,80.589,1.486,2025,0.372,0.454,73.951,,73.2,71.6,1.168,1.063,40.514,Purdue
16,St. John's,113.019,89.961,0.932,31–5,31,36,49.2,45.9,30.3,30.7,15.3,21.4,37.9,29.8,70.2,51.0,46.0,30.1,30.6,14.9,8.3,53.6,55.3,31.0,40.8,70.058,78.236,80.547,2.115,2025,-0.838,-1.329,63.703,,69.1,67.0,1.103,0.925,27.683,St. John's
17,Kentucky,123.513,98.424,0.932,24–12,24,36,55.9,50.3,35.2,30.6,15.0,14.1,28.2,26.4,72.3,55.6,53.9,37.5,30.5,11.4,8.0,57.0,47.0,41.2,43.7,70.858,78.783,82.208,2.325,2025,0.326,0.151,45.859,,73.1,71.7,1.165,1.065,43.863,Kentucky
18,UCLA,117.978,94.303,0.929,23–11,23,34,52.8,50.1,32.3,33.9,15.9,22.8,32.7,29.8,66.2,52.8,50.7,35.2,32.8,11.0,7.0,61.1,58.0,36.5,45.0,65.125,78.123,81.426,1.848,2025,-0.23,0.099,70.724,,71.0,75.1,1.12,0.985,37.055,UCLA
19,Missouri,126.011,101.156,0.926,22–12,22,34,55.8,50.9,47.1,35.7,15.5,20.1,33.5,32.3,69.8,56.3,51.2,36.7,33.6,7.3,10.5,49.7,49.0,41.4,37.8,68.607,78.257,81.574,2.198,2025,-1.248,-1.059,66.203,,73.0,75.3,1.194,1.051,36.592,Missouri
20,Illinois,122.556,98.441,0.926,22–13,22,35,52.4,47.4,34.4,26.9,16.0,12.4,35.8,25.8,72.3,57.3,46.1,31.3,33.6,9.2,8.7,51.7,45.9,47.2,30.5,71.526,78.859,82.031,1.172,2025,-0.185,-0.059,75.199,,76.2,70.9,1.148,1.027,41.243,Illinois
21,Texas A&M,116.329,93.72,0.923,23–11,23,34,47.6,48.3,41.3,35.7,17.8,19.4,41.4,28.0,67.8,48.6,46.8,30.7,33.3,13.5,14.4,47.4,64.7,37.7,46.2,66.714,77.363,79.768,2.765,2025,-0.508,-0.546,69.477,,69.2,76.8,1.092,1.005,40.285,Texas A&M
22,Kansas,116.072,93.698,0.921,21–13,21,34,53.1,46.3,24.4,28.1,16.9,15.6,30.5,27.6,69.2,53.0,46.3,35.4,30.8,12.9,9.1,61.2,52.6,34.1,40.6,68.597,77.974,82.014,2.526,2025,-1.115,-0.901,65.957,,71.6,73.1,1.087,0.994,41.589,Kansas
23,Michigan,115.765,93.897,0.917,27–10,27,37,53.8,46.1,35.7,28.4,19.6,15.8,33.2,30.2,70.8,56.7,46.0,33.2,30.8,9.5,7.4,58.0,45.1,42.0,39.1,70.029,79.112,83.419,2.246,2025,0.795,0.842,56.699,,72.8,73.1,1.095,1.003,40.161,Michigan
24,Mississippi,119.338,96.981,0.916,24–12,24,36,51.4,50.5,35.3,39.3,12.9,20.2,25.5,30.4,69.2,51.0,51.8,34.8,32.5,11.8,10.9,53.2,58.0,40.0,43.5,68.056,76.187,79.5,2.708,2025,0.995,0.941,56.665,,73.8,70.8,1.108,1.03,42.767,Mississippi
25,Louisville,117.99,95.89,0.916,27–8,27,35,53.2,49.7,33.7,27.1,16.3,18.5,31.9,27.1,69.1,56.8,48.7,32.8,34.1,8.1,9.8,51.3,46.9,47.8,39.8,69.158,78.007,81.166,2.556,2025,-0.805,-0.724,20.298,,74.6,71.2,1.133,1.003,29.918,Louisville
26,Saint Mary's,114.166,92.947,0.914,28–6,28,34,50.2,46.5,31.1,25.0,14.9,16.3,39.9,24.6,63.5,51.2,46.2,32.2,31.5,10.6,7.4,56.2,54.0,33.2,31.8,61.883,78.427,81.504,1.989,2025,0.051,0.099,48.237,,69.5,74.5,1.137,0.966,24.97,Saint Mary's
27,Clemson,117.321,95.524,0.914,27–7,27,34,53.4,48.8,28.3,27.8,15.8,20.0,33.7,30.4,65.1,52.2,49.5,36.9,31.9,10.0,8.4,52.0,43.7,38.8,38.0,64.631,77.874,81.706,2.504,2025,-1.153,-1.158,51.535,,76.8,68.7,1.144,0.989,25.712,Clemson
28,Oregon,116.513,96.191,0.901,25–10,25,35,52.5,48.9,33.0,27.5,16.2,17.5,30.5,29.1,68.8,53.1,49.7,34.4,31.7,9.9,9.0,52.9,50.5,38.3,37.8,68.116,77.426,81.554,2.45,2025,-0.028,-0.158,60.095,,75.7,71.8,1.102,1.02,37.607,Oregon
29,Baylor,121.333,100.275,0.9,19–15,19,34,51.1,52.0,30.5,33.7,15.9,18.6,36.0,30.9,65.2,50.9,50.8,34.3,35.9,8.2,10.7,52.8,59.6,40.1,41.4,64.727,76.862,79.32,1.868,2025,0.343,0.388,56.334,,74.8,70.5,1.132,1.058,44.189,Baylor
30,Marquette,116.536,96.952,0.892,23–11,23,34,52.0,49.9,25.9,30.5,13.6,21.4,30.0,31.0,68.1,54.7,51.3,32.6,31.8,10.7,8.8,49.5,59.9,46.4,39.4,67.88,77.717,80.573,2.087,2025,-0.885,-0.901,62.766,,72.0,73.2,1.116,1.002,34.103,Marquette
31,Creighton,118.477,98.607,0.892,25–11,25,36,56.1,47.2,28.6,17.2,17.9,11.6,26.4,27.2,67.7,60.4,46.2,34.5,32.6,10.5,10.9,63.1,42.8,48.9,35.3,67.44,78.972,83.13,1.953,2025,0.437,0.388,59.689,,72.8,71.7,1.107,1.027,33.179,Creighton
32,VCU,115.98,96.662,0.89,27–7,27,34,52.4,44.8,31.5,36.6,16.8,20.5,36.5,30.4,66.3,53.9,44.1,33.8,30.7,15.3,7.9,56.5,46.0,47.8,35.4,66.379,78.101,81.573,2.234,2025,-0.532,-0.638,34.39,,74.4,71.8,1.144,0.947,17.153,VCU
33,Connecticut,121.384,101.178,0.89,24–11,24,35,55.0,48.1,30.8,41.0,17.0,15.7,35.5,27.8,64.6,57.0,45.8,34.8,35.0,17.5,8.5,63.5,44.2,42.7,34.2,64.067,78.168,80.848,1.641,2025,0.219,0.276,87.561,,79.1,72.9,1.176,1.039,31.423,Connecticut
34,North Carolina,119.339,99.794,0.887,23–14,23,37,54.1,49.5,34.8,30.5,15.1,15.3,29.1,26.9,70.7,54.5,49.1,35.6,33.5,9.6,10.5,51.7,47.7,37.2,38.1,70.837,76.421,79.986,1.625,2025,-0.652,-0.638,87.245,,74.1,74.0,1.134,1.049,35.0,North Carolina
35,Georgia,115.81,96.886,0.886,20–13,20,33,52.1,47.7,40.1,30.3,18.8,18.0,36.0,31.9,68.6,53.7,47.9,32.9,31.6,14.5,9.3,47.8,49.6,37.0,40.4,66.748,78.788,81.879,1.391,2025,-0.348,-0.612,65.139,,71.7,73.7,1.098,1.019,38.438,Georgia
36,Mississippi St.,118.506,99.169,0.886,21–13,21,34,51.9,51.8,31.5,35.3,15.3,18.9,33.9,29.9,69.6,55.5,50.3,31.4,35.8,13.8,8.7,53.2,53.0,42.7,44.0,68.238,77.339,80.461,2.056,2025,-0.55,-0.724,58.012,,70.1,69.7,1.13,1.054,38.632,Mississippi St.
37,Arkansas,113.802,95.448,0.883,22–14,22,36,52.2,47.6,35.6,29.2,16.3,17.2,28.1,29.9,70.3,54.1,47.9,32.7,31.4,15.0,7.3,52.1,48.1,36.6,38.9,69.396,78.143,81.897,1.372,2025,1.38,1.388,74.86,,73.9,73.0,1.085,1.009,38.694,Arkansas
38,West Virginia,110.075,92.372,0.883,19–13,19,32,50.0,46.3,25.6,32.2,16.2,19.4,25.9,30.8,65.2,50.9,47.3,32.6,29.7,11.6,9.4,56.5,46.2,46.1,36.5,64.436,77.095,80.401,1.882,2025,0.0,0.0,39.077,,72.0,74.0,1.029,0.978,38.109,West Virginia
39,Colorado St.,117.406,98.954,0.877,26–10,26,36,55.5,48.5,31.6,33.2,17.2,16.7,27.0,25.8,66.2,56.4,47.7,36.3,33.2,7.9,8.5,62.3,46.6,42.8,38.0,66.099,77.034,79.542,2.027,2025,0.078,0.493,33.665,,77.5,68.5,1.123,1.005,23.579,Colorado St.
40,Xavier,116.891,98.876,0.873,22–12,22,34,54.1,51.0,36.7,28.6,15.6,17.6,24.4,25.5,69.4,51.2,50.6,39.1,34.4,6.9,11.2,62.8,55.4,37.6,37.4,69.159,76.997,80.421,2.524,2025,-0.544,-0.638,42.866,,78.9,72.8,1.117,1.024,29.85,Xavier
41,Ohio St.,117.562,99.627,0.87,17–15,17,32,53.5,48.6,35.8,39.9,15.6,16.8,28.9,30.5,68.6,52.6,50.3,36.8,30.5,10.0,9.1,48.1,47.9,37.7,37.6,67.336,76.678,79.626,1.599,2025,0.0,0.0,67.504,,74.8,75.2,1.124,1.049,38.29,Ohio St.
42,New Mexico,112.318,95.421,0.867,26–8,26,34,50.8,49.2,37.3,35.0,15.7,20.3,31.3,25.8,72.5,50.7,48.2,34.0,33.8,13.9,9.6,50.9,59.2,31.7,38.3,72.907,78.317,81.229,2.056,2025,0.352,0.388,46.102,,68.6,66.6,1.086,0.967,25.601,New Mexico
43,Vanderbilt,118.695,101.068,0.864,20–13,20,33,51.5,52.7,33.4,38.5,14.5,19.8,31.6,29.7,69.9,53.5,51.4,32.5,36.6,11.2,11.6,50.2,47.3,40.4,37.7,69.675,76.26,79.001,1.979,2025,-0.492,-0.612,36.728,,74.6,71.9,1.126,1.06,36.474,Vanderbilt
44,Cincinnati,111.871,95.577,0.859,19–16,19,35,51.1,48.8,23.1,24.9,15.5,19.6,32.2,29.5,66.6,52.6,48.3,32.4,33.0,11.1,7.9,51.0,48.7,38.3,34.6,65.858,78.273,81.487,2.121,2025,0.0,0.0,54.462,,66.5,75.4,1.069,0.995,34.064,Cincinnati
45,Texas,117.514,100.903,0.852,19–16,19,35,52.6,48.9,36.8,38.9,14.3,16.4,29.7,29.4,68.4,51.7,47.8,36.2,33.8,11.6,8.1,47.3,48.4,35.3,36.4,67.551,78.032,80.724,2.185,2025,0.0,0.0,60.961,,74.9,69.9,1.131,1.047,37.53,Texas
46,Santa Clara,116.605,100.289,0.85,21–13,21,34,56.0,49.5,28.4,31.3,16.7,16.6,32.7,26.7,70.1,54.9,51.2,38.2,31.3,8.3,10.4,59.5,58.0,46.4,39.7,69.229,78.396,81.559,2.437,2025,0.0,0.0,19.282,,72.7,72.3,1.157,1.03,20.378,Santa Clara
47,Oklahoma,117.028,100.699,0.849,20–14,20,34,54.4,51.0,39.9,35.7,17.3,18.2,26.6,31.8,69.9,54.1,55.0,36.5,30.3,6.8,10.5,51.6,47.1,41.6,42.0,68.707,77.139,80.404,2.25,2025,-0.503,-0.612,48.66,,79.5,72.8,1.12,1.068,39.43,Oklahoma
48,Northwestern,113.653,97.833,0.849,17–16,17,33,49.8,49.9,31.3,36.6,14.9,19.8,31.2,30.1,66.1,49.7,49.4,33.3,33.8,10.7,8.9,55.8,61.0,34.2,39.3,65.25,78.283,81.173,2.211,2025,0.0,0.0,35.876,,73.3,75.0,1.079,1.031,34.311,Northwestern
49,Boise St.,116.121,100.214,0.845,25–11,25,36,52.6,50.4,37.6,31.4,16.4,16.4,32.7,22.5,66.1,56.4,49.0,31.7,35.2,7.3,9.6,55.9,45.5,42.9,37.1,65.988,78.042,80.14,1.901,2025,0.0,0.0,12.913,,78.2,69.0,1.133,1.011,23.57,Boise St.
50,Indiana,113.107,97.628,0.845,19–13,19,32,51.1,49.8,33.1,29.6,16.7,16.4,31.5,28.1,69.1,52.6,50.3,32.1,32.7,9.2,8.2,58.4,51.8,33.2,38.9,68.28,78.696,81.524,2.062,2025,0.0,0.0,79.15,,70.6,72.5,1.077,1.039,35.862,Indiana
51,Villanova,119.093,102.804,0.844,21–15,21,36,54.5,51.1,29.2,30.4,15.3,15.8,30.3,27.7,63.7,51.3,50.5,39.0,34.5,7.8,8.4,48.4,59.8,43.7,45.8,63.452,77.339,80.364,2.458,2025,0.0,0.0,59.956,,79.6,69.3,1.157,1.065,27.258,Villanova
52,UC San Diego,112.977,97.54,0.844,28–5,28,33,55.1,47.8,33.4,29.9,13.4,23.3,25.6,28.6,66.9,56.0,46.3,36.1,33.1,7.2,9.9,56.6,52.0,49.6,44.4,66.004,77.481,78.923,2.447,2025,-0.485,-0.507,14.159,,74.7,74.6,1.159,0.941,12.535,UC San Diego
53,Drake,113.115,97.727,0.843,29–4,29,33,53.9,51.4,42.7,36.7,18.4,21.8,35.3,25.7,59.7,54.1,54.4,35.6,31.2,8.4,7.5,55.2,48.3,36.2,38.6,59.136,77.404,79.105,2.218,2025,0.584,0.362,0.2,,70.0,73.4,1.126,0.989,16.32,Drake
54,Utah St.,121.303,105.393,0.834,25–8,25,33,55.3,51.9,37.0,35.6,16.0,20.1,34.7,30.3,67.1,57.5,52.7,34.9,34.0,9.3,9.9,60.9,59.2,42.6,44.4,67.727,77.283,80.472,2.078,2025,-0.357,-0.612,17.808,,70.2,72.3,1.174,1.052,23.517,Utah St.
55,SMU,116.216,101.07,0.833,24–11,24,35,54.5,48.1,36.7,32.7,17.2,17.9,36.3,29.9,69.3,53.3,47.0,37.8,33.1,10.7,10.1,56.1,62.0,35.1,41.1,69.244,77.853,82.288,2.229,2025,0.0,0.0,59.328,,71.4,74.0,1.153,1.028,21.58,SMU
56,USC,116.665,101.512,0.832,17–18,17,35,54.8,51.9,35.5,34.6,17.7,17.7,27.9,30.2,69.0,54.8,53.4,36.5,33.0,8.7,9.0,56.5,57.9,34.8,38.7,68.569,78.246,79.821,2.241,2025,0.0,0.0,47.748,,74.1,75.0,1.104,1.074,33.8,USC
57,Nebraska,113.403,98.78,0.83,21–14,21,35,52.1,50.5,35.5,26.6,16.2,17.6,27.1,28.5,69.0,53.2,50.3,33.5,33.9,9.0,8.8,53.4,52.3,38.5,45.9,67.862,77.892,81.024,2.484,2025,0.0,0.0,38.377,,74.9,71.3,1.085,1.037,34.182,Nebraska
58,Kansas St.,109.355,96.1,0.815,16–17,16,33,50.6,49.0,27.6,28.6,17.7,18.1,29.4,31.7,67.9,51.8,49.9,32.5,31.5,9.2,10.1,59.0,55.3,40.2,35.7,67.28,77.263,81.178,2.307,2025,0.0,0.0,47.744,,69.1,73.4,1.039,1.021,36.173,Kansas St.
59,San Diego St.,108.901,95.792,0.814,20–10,20,30,50.5,45.9,32.3,37.4,16.8,19.5,29.2,31.0,66.3,51.5,45.1,32.6,31.2,18.4,8.6,50.8,50.4,39.6,47.1,66.105,78.129,81.946,1.612,2025,0.0,0.0,41.514,,66.5,70.7,1.045,0.976,28.045,San Diego St.
60,McNeese St.,113.601,99.954,0.813,26–7,26,33,53.0,47.7,35.3,31.9,16.2,21.7,34.5,31.7,65.8,53.1,46.9,35.2,32.4,12.0,8.3,49.9,55.3,36.6,46.9,65.752,76.846,78.887,2.516,2025,0.617,0.493,26.195,,69.4,71.8,1.134,0.98,15.808,McNeese St.
61,Penn St.,114.393,100.754,0.812,16–15,16,31,54.1,51.9,37.9,29.4,17.4,19.8,28.6,29.1,71.0,55.6,51.3,34.3,35.3,11.3,8.7,57.8,63.9,36.2,38.3,70.442,77.903,81.137,2.275,2025,0.0,0.0,57.579,,75.6,72.6,1.114,1.031,31.275,Penn St.
62,Liberty,112.06,99.048,0.805,25–7,25,32,57.8,46.5,30.3,26.0,15.4,17.0,19.0,28.1,66.5,57.5,48.3,38.7,28.7,7.9,9.1,61.4,39.3,48.2,34.5,65.702,75.668,79.397,2.26,2025,-0.398,-0.507,2.301,,65.2,73.8,1.104,0.978,14.514,Liberty
63,Memphis,112.22,99.25,0.804,29–6,29,35,53.5,48.6,39.3,33.9,19.3,18.9,35.3,32.3,71.2,52.0,48.6,37.6,32.4,13.3,9.2,51.5,54.2,33.3,41.0,70.858,77.041,80.887,2.503,2025,-0.466,-1.158,53.117,,70.2,71.3,1.11,1.02,23.526,Memphis
64,Iowa,120.139,106.455,0.801,17–16,17,33,56.8,54.4,26.0,28.3,13.7,17.9,25.1,32.2,71.4,56.6,56.2,38.0,34.4,11.0,7.6,59.8,54.1,41.0,38.8,70.062,78.116,80.608,1.779,2025,0.0,0.0,54.344,,70.5,70.4,1.151,1.112,35.381,Iowa
65,San Francisco,111.253,98.804,0.797,24–10,24,34,52.8,48.5,34.7,36.4,16.7,17.8,29.0,27.7,69.0,54.1,52.2,34.1,27.9,9.0,7.9,52.2,47.6,43.7,35.5,68.111,77.617,81.018,1.751,2025,0.0,0.0,26.706,,71.7,70.9,1.1,1.005,21.938,San Francisco
66,Rutgers,116.482,103.923,0.788,15–17,15,32,50.6,52.8,36.2,30.5,15.4,17.4,30.8,32.2,69.5,51.3,52.9,32.9,35.1,10.2,8.4,47.7,51.5,36.3,37.7,68.901,78.534,81.27,1.275,2025,0.0,0.0,52.09,,71.8,69.6,1.088,1.096,36.06,Rutgers
67,Arizona St.,113.282,101.248,0.784,13–20,13,33,51.5,50.7,36.2,31.4,17.6,16.1,25.1,30.3,70.2,50.0,51.7,35.6,32.9,12.1,11.0,51.1,54.1,42.6,40.3,68.837,78.16,81.479,1.908,2025,0.0,0.0,57.683,,72.6,75.4,1.044,1.082,41.568,Arizona St.
68,Utah,112.754,100.815,0.784,16–17,16,33,51.8,49.0,36.8,33.3,17.8,15.6,34.4,28.2,69.3,54.0,47.6,32.7,34.0,10.2,12.9,65.6,51.6,43.9,40.3,69.168,79.659,82.402,2.122,2025,0.0,0.0,54.418,,64.1,70.1,1.086,1.044,33.569,Utah
69,UCF,116.061,103.979,0.78,20–17,20,37,49.7,51.1,35.6,31.1,16.6,17.7,31.9,34.2,72.5,48.9,52.1,33.8,32.8,10.9,9.8,52.1,53.3,41.7,37.4,72.037,77.96,81.901,1.977,2025,0.0,0.0,51.96,,77.5,73.5,1.082,1.09,35.028,UCF
70,North Texas,109.75,98.817,0.77,25–9,25,34,51.1,47.3,35.3,37.0,16.7,19.6,32.7,28.1,61.3,49.3,47.9,36.1,30.8,8.4,8.6,44.7,47.5,36.4,38.0,60.819,77.113,80.744,2.749,2025,0.0,0.0,29.472,,77.2,74.5,1.101,0.989,15.994,North Texas
71,Wake Forest,107.766,97.386,0.762,21–11,21,32,49.4,47.2,36.1,31.5,16.7,19.7,26.8,31.5,67.9,52.9,48.2,28.5,30.7,12.7,7.5,45.8,57.4,35.2,45.8,67.423,77.706,80.788,2.215,2025,0.0,0.0,69.921,,75.6,77.0,1.034,1.002,30.172,Wake Forest
72,Pittsburgh,113.942,103.029,0.761,17–15,17,32,52.2,51.1,34.2,32.8,14.8,18.3,29.0,29.9,66.9,52.4,50.4,34.6,34.7,12.5,7.9,51.4,52.7,41.4,41.3,66.709,78.27,82.1,1.859,2025,0.0,0.0,38.232,,78.2,72.6,1.126,1.052,28.067,Pittsburgh
73,South Carolina,110.176,99.719,0.759,12–20,12,32,48.9,51.5,43.3,30.4,18.4,15.6,30.4,27.3,66.8,49.8,51.1,31.6,34.8,7.8,13.9,54.7,49.9,39.0,34.6,65.659,77.522,80.767,2.057,2025,0.0,0.0,40.926,,71.5,71.1,1.037,1.061,38.099,South Carolina
74,George Mason,106.334,96.264,0.758,26–9,26,35,51.7,45.6,42.7,31.4,19.8,19.2,31.8,29.3,65.2,50.9,45.0,35.4,31.0,10.7,10.0,52.7,53.6,36.4,46.2,64.976,77.506,80.623,2.61,2025,0.0,0.0,30.397,,71.4,71.2,1.058,0.962,17.542,George Mason
75,TCU,106.296,96.292,0.757,16–16,16,32,46.8,50.9,33.5,28.3,17.3,19.5,33.0,29.6,67.1,47.8,53.4,30.0,31.6,10.7,9.2,49.9,63.5,34.7,42.5,66.696,77.821,80.732,1.653,2025,0.0,0.0,48.807,,64.7,73.8,1.003,1.021,37.206,TCU
76,Stanford,112.504,102.457,0.746,21–14,21,35,50.7,50.5,29.9,35.5,15.6,17.4,30.9,28.4,67.1,50.2,50.7,34.2,33.4,10.0,6.8,53.9,40.5,41.7,33.7,66.375,78.639,82.485,1.771,2025,0.0,0.0,42.236,,78.9,74.2,1.094,1.054,24.142,Stanford
77,Butler,117.031,106.61,0.745,15–20,15,35,53.7,50.1,36.8,21.3,16.2,11.4,26.1,28.9,67.6,52.4,51.5,37.0,31.8,6.6,10.1,54.5,48.5,41.6,37.1,67.842,78.846,81.984,2.333,2025,0.0,0.0,49.278,,74.0,75.4,1.102,1.104,32.294,Butler
78,Yale,114.028,104.074,0.741,21–8,21,29,54.7,49.1,31.8,28.9,14.5,16.1,32.7,25.9,68.9,53.3,48.2,38.4,33.4,11.4,7.7,53.8,57.8,32.2,47.8,67.677,77.672,79.591,1.878,2025,-0.245,-0.25,9.919,,73.4,75.8,1.171,1.03,13.284,Yale
79,Dayton,114.956,105.359,0.732,22–11,22,33,53.0,51.1,37.4,31.4,15.5,17.6,29.4,28.6,66.2,52.1,52.5,36.1,32.9,10.4,10.4,59.2,50.8,41.0,42.4,66.059,76.327,81.052,2.406,2025,0.0,0.0,30.772,,75.1,74.8,1.123,1.062,21.084,Dayton
80,LSU,108.751,99.741,0.73,14–18,14,32,51.1,48.3,32.5,29.5,18.6,16.5,29.5,34.3,69.5,55.2,48.2,30.5,32.3,11.7,9.9,48.8,47.4,43.5,35.8,68.366,77.058,80.556,1.903,2025,0.0,0.0,57.804,,71.4,70.6,1.05,1.047,37.287,LSU
81,Colorado,108.381,99.556,0.726,14–21,14,35,50.4,49.9,35.8,34.4,21.0,16.2,29.2,28.3,68.1,51.8,49.1,32.1,34.1,11.0,9.9,58.4,50.5,37.3,39.4,67.931,79.0,81.639,1.882,2025,0.0,0.0,43.472,,75.0,70.2,1.016,1.047,38.42,Colorado
82,High Point,117.721,108.147,0.726,27–6,27,33,56.3,49.1,37.2,36.3,15.3,16.4,33.6,30.6,66.9,57.3,48.9,36.6,32.9,7.1,7.8,45.2,42.8,39.4,35.6,66.601,77.054,80.781,2.448,2025,-0.192,-0.25,17.009,,76.2,70.3,1.207,1.051,8.722,High Point
83,Saint Joseph's,109.733,100.913,0.724,22–13,22,35,51.6,46.9,31.7,25.9,16.4,16.2,30.3,27.9,68.4,52.8,45.3,33.5,33.4,13.8,9.8,56.2,50.8,46.5,32.9,68.335,77.442,80.658,1.831,2025,0.0,0.0,44.02,,74.6,75.1,1.09,0.997,15.626,Saint Joseph's
84,Minnesota,110.213,101.382,0.723,15–17,15,32,49.9,50.1,31.5,33.0,16.6,16.3,30.2,30.6,63.8,50.7,49.2,32.2,34.5,12.9,10.1,61.3,60.4,35.9,34.3,62.956,77.62,81.282,2.534,2025,0.0,0.0,41.33,,66.4,74.3,1.046,1.072,33.538,Minnesota
85,UC Irvine,105.771,97.339,0.722,31–7,31,38,51.7,45.8,36.0,22.4,18.0,17.2,27.9,26.5,69.6,50.7,42.8,35.6,33.9,8.7,6.7,60.1,55.0,35.3,37.3,69.186,76.627,80.417,1.835,2025,0.0,0.0,7.404,,79.6,72.4,1.071,0.952,13.545,UC Irvine
86,Oklahoma St.,108.065,99.682,0.717,17–18,17,35,48.6,53.0,41.0,36.4,19.0,20.3,31.1,29.6,71.9,48.0,53.1,33.1,35.3,8.9,11.5,51.4,55.5,34.7,42.6,71.837,76.988,80.098,2.509,2025,0.0,0.0,38.437,,71.7,70.8,1.015,1.061,34.332,Oklahoma St.
87,Bradley,111.762,103.104,0.717,27–9,27,36,56.7,47.7,32.4,35.0,17.4,15.6,26.1,28.0,66.1,54.6,47.2,39.7,32.3,11.7,7.2,53.0,51.6,42.3,42.9,65.987,76.774,81.292,2.3,2025,0.0,0.0,1.265,,74.8,72.8,1.126,1.034,14.532,Bradley
88,Arkansas St.,110.977,102.721,0.709,24–11,24,35,49.6,46.1,33.1,37.1,14.7,17.0,33.7,30.3,70.2,50.6,46.4,32.2,30.3,11.3,10.6,51.3,48.9,44.6,35.1,69.964,77.186,79.813,2.087,2025,0.0,0.0,35.287,,72.8,70.1,1.113,0.997,13.422,Arkansas St.
89,Nevada,112.195,104.139,0.702,17–16,17,33,53.7,51.3,37.3,37.9,15.5,18.7,27.4,26.5,64.9,55.3,49.5,34.1,35.7,12.4,7.5,58.8,62.3,37.5,44.7,64.098,78.8,81.334,2.318,2025,0.0,0.0,30.312,,70.3,72.0,1.106,1.042,22.299,Nevada
90,Grand Canyon,107.843,100.161,0.701,25–8,25,33,50.7,47.3,43.6,32.4,18.5,20.3,32.4,28.9,72.4,52.6,46.7,31.3,32.3,13.1,9.0,51.6,47.7,33.8,34.1,71.498,77.897,80.515,2.472,2025,-0.15,-0.25,26.669,,73.3,72.2,1.068,0.963,11.679,Grand Canyon
91,Oregon St.,115.847,107.937,0.693,19–13,19,32,54.5,51.0,38.7,31.8,16.7,16.4,32.0,27.7,64.8,54.7,50.1,36.1,34.8,8.3,7.6,54.7,57.6,35.8,41.1,63.996,77.792,80.996,1.874,2025,0.0,0.0,0.778,,78.9,72.2,1.154,1.057,20.143,Oregon St.
92,UNLV,106.759,99.49,0.692,18–15,18,33,49.7,49.3,35.8,32.0,16.2,17.8,27.3,29.8,66.0,49.6,50.5,33.3,31.9,11.5,8.7,49.6,61.3,34.6,43.4,66.002,77.857,80.748,2.016,2025,0.0,0.0,42.483,,71.7,71.2,1.049,1.032,23.34,UNLV
93,Loyola Chicago,108.956,101.748,0.687,24–12,24,36,52.7,48.8,31.6,33.3,17.2,17.3,29.3,27.7,67.2,53.9,47.6,34.0,33.7,13.6,9.2,60.3,50.5,42.9,39.5,67.062,77.778,80.199,2.292,2025,0.0,0.0,13.939,,67.6,73.4,1.071,1.023,15.083,Loyola Chicago
94,UAB,116.513,108.864,0.686,23–13,23,36,50.2,51.2,31.3,28.5,13.8,15.2,37.7,30.3,70.0,49.8,50.4,34.0,35.0,10.4,8.2,53.3,49.6,29.3,34.7,69.466,76.621,80.488,2.716,2025,0.0,0.0,4.367,,75.9,72.2,1.155,1.087,15.425,UAB
95,Florida St.,107.805,100.921,0.681,17–15,17,32,50.7,48.5,39.4,37.5,17.4,19.1,29.7,31.8,70.3,52.3,48.9,31.7,32.0,14.1,7.1,50.0,50.7,33.7,42.1,69.89,79.206,82.023,1.512,2025,0.0,0.0,52.194,,71.7,73.0,1.056,1.028,24.244,Florida St.
96,Georgetown,107.677,101.048,0.675,18–16,18,34,50.4,49.7,25.6,29.7,17.0,19.3,31.6,28.9,68.4,51.5,49.2,32.3,33.6,10.7,9.4,52.7,55.0,38.1,39.6,68.49,78.554,81.59,1.217,2025,0.0,0.0,67.028,,70.4,76.2,1.052,1.016,26.143,Georgetown
97,Virginia,111.383,104.704,0.671,15–17,15,32,52.7,50.8,26.4,28.8,16.4,15.7,22.4,29.7,61.6,49.9,50.6,37.5,34.1,11.3,9.4,63.6,50.0,42.8,38.7,61.246,78.349,81.619,1.422,2025,0.0,0.0,73.013,,75.3,75.5,1.051,1.084,28.691,Virginia
98,St. Bonaventure,105.674,99.43,0.668,21–12,21,33,49.9,50.0,30.6,24.4,15.9,18.9,27.6,27.0,65.2,51.5,50.8,31.3,32.7,11.0,9.5,42.9,57.7,35.2,47.1,64.711,78.281,80.992,1.422,2025,0.0,0.0,16.202,,72.9,72.8,1.045,1.001,15.633,St. Bonaventure
99,Troy,106.498,100.268,0.667,21–11,21,32,49.8,47.5,37.0,29.2,19.8,19.6,38.1,31.7,66.9,53.6,46.5,30.1,32.8,12.5,10.6,55.9,52.1,45.0,38.3,66.388,77.799,80.144,1.66,2025,-0.155,-0.158,0.2,,72.4,71.9,1.076,0.992,16.226,Troy
100,Akron,113.452,106.875,0.665,26–7,26,33,54.9,50.1,27.0,33.1,16.4,17.3,32.5,29.4,72.5,55.2,51.0,36.4,32.4,9.8,7.5,57.9,45.1,45.2,38.0,71.484,75.059,77.496,2.384,2025,-0.125,-0.25,16.219,,75.1,72.3,1.146,1.051,11.721,Akron
101,Notre Dame,110.39,104.064,0.663,15–18,15,33,51.7,51.4,31.8,30.0,16.5,14.9,29.6,26.0,65.4,50.8,53.6,35.5,32.1,5.1,9.1,44.2,55.1,37.5,40.5,64.905,77.479,81.218,1.86,2025,0.0,0.0,56.775,,74.0,75.4,1.082,1.08,26.549,Notre Dame
102,Georgia Tech,106.905,100.91,0.66,17–17,17,34,50.2,49.3,30.7,28.1,17.4,15.8,30.3,28.6,69.1,49.5,46.9,34.3,35.1,10.2,9.8,56.1,55.1,36.8,40.8,69.01,77.821,81.084,1.537,2025,0.0,0.0,33.639,,68.7,72.4,1.044,1.038,25.791,Georgia Tech
103,Washington St.,113.111,106.887,0.657,19–15,19,34,56.6,51.2,32.7,32.1,20.3,17.1,31.1,33.6,71.6,58.2,51.7,36.2,33.6,12.7,7.9,59.3,49.9,41.3,39.1,70.965,78.402,81.727,1.581,2025,0.0,0.0,4.234,,70.1,71.9,1.098,1.093,21.953,Washington St.
104,Northern Iowa,108.643,102.912,0.651,19–13,19,32,55.2,51.4,35.1,28.2,15.9,17.4,24.9,25.3,65.4,55.2,50.0,36.8,35.6,9.0,7.9,52.9,44.8,36.3,40.8,65.401,78.012,80.577,1.942,2025,0.0,0.0,13.805,,68.8,70.1,1.105,1.032,14.672,Northern Iowa
105,Providence,110.866,105.049,0.65,12–20,12,32,52.1,49.5,29.6,32.8,19.0,13.8,33.2,28.7,66.6,51.1,49.0,35.6,33.5,9.2,9.3,51.2,48.9,45.5,37.0,66.466,77.113,79.986,1.691,2025,0.0,0.0,65.955,,68.6,72.6,1.066,1.084,28.788,Providence
106,New Mexico St.,104.815,99.351,0.649,14–15,14,29,46.2,46.9,34.5,39.2,15.6,15.0,32.5,27.7,66.2,46.1,48.8,30.9,29.5,6.8,10.3,45.6,52.5,37.0,42.8,65.036,76.318,80.284,2.556,2025,0.0,0.0,2.443,,67.7,70.4,1.018,1.012,16.932,New Mexico St.
107,Lipscomb,110.004,104.294,0.649,23–10,23,33,55.6,49.1,31.2,22.0,14.7,15.9,23.8,26.6,67.4,56.5,50.5,36.4,31.2,7.5,10.4,55.1,40.1,47.6,37.0,66.423,76.307,80.03,2.586,2025,-0.119,-0.158,0.2,,79.6,67.0,1.139,1.009,13.117,Lipscomb
108,UNC Wilmington,112.355,106.655,0.645,25–8,25,33,52.1,50.8,37.4,30.4,16.0,17.1,35.1,28.2,66.4,53.7,50.7,32.8,34.0,10.4,9.5,55.1,49.3,36.4,43.5,65.698,77.652,80.488,2.553,2025,-0.104,-0.158,0.2,,75.5,67.9,1.141,1.047,10.439,UNC Wilmington
109,Syracuse,111.035,105.562,0.641,14–19,14,33,51.0,52.9,33.1,33.0,17.9,14.0,31.4,26.1,68.7,51.9,53.6,32.8,34.5,6.8,9.0,49.9,47.5,32.7,38.1,68.4,77.679,80.881,2.181,2025,0.0,0.0,61.278,,70.5,71.6,1.063,1.107,27.163,Syracuse
110,Washington,109.806,104.493,0.639,12–18,12,30,50.6,53.0,34.5,36.2,17.5,16.7,27.5,28.5,68.5,50.1,53.3,34.4,35.1,10.1,11.5,50.8,47.0,35.7,35.4,67.976,77.896,80.754,2.047,2025,0.0,0.0,32.957,,69.0,75.2,1.033,1.099,35.777,Washington
111,St. Thomas,114.077,108.907,0.63,21–10,21,31,57.8,52.5,34.0,35.9,13.7,18.5,21.5,31.2,69.3,58.1,52.1,38.3,35.4,9.3,9.8,52.1,50.6,46.8,41.3,68.105,76.395,79.186,1.794,2025,0.0,0.0,5.92,,77.6,75.5,1.173,1.093,11.123,St. Thomas
112,Kent St.,106.53,101.736,0.629,22–12,22,34,48.7,48.4,30.2,37.9,17.3,18.3,35.3,27.6,67.7,49.8,49.6,31.2,31.2,9.7,8.8,45.6,56.7,37.0,42.2,66.377,75.336,79.19,2.378,2025,0.0,0.0,0.2,,74.8,74.2,1.067,1.007,14.931,Kent St.
113,DePaul,108.882,104.105,0.626,14–20,14,34,52.5,51.6,27.8,28.6,18.1,15.5,26.9,28.7,67.8,53.3,51.3,34.4,34.7,9.3,10.2,59.5,54.1,46.2,35.4,67.573,77.161,80.002,2.056,2025,0.0,0.0,38.852,,70.5,70.2,1.047,1.076,28.928,DePaul
114,Florida Atlantic,112.526,107.592,0.626,17–16,17,33,53.4,50.1,33.3,33.3,16.3,16.0,30.7,31.5,69.5,53.9,47.0,35.1,37.1,11.3,8.7,56.9,51.7,40.3,35.8,69.192,77.534,81.459,1.743,2025,0.0,0.0,46.069,,70.0,74.0,1.111,1.086,17.055,Florida Atlantic
115,Utah Valley,106.919,102.235,0.626,23–9,23,32,50.6,47.6,42.0,31.5,17.3,16.9,30.9,26.6,69.0,51.5,45.9,32.5,34.0,13.5,9.8,57.2,49.2,31.2,33.5,68.32,78.069,80.762,1.501,2025,0.0,0.0,2.624,,69.0,70.7,1.067,0.992,12.143,Utah Valley
116,N.C. State,107.759,103.134,0.624,12–19,12,31,48.3,51.0,32.3,32.2,14.4,18.6,28.8,32.5,65.8,48.3,50.8,32.2,34.3,10.2,8.4,51.6,48.4,36.2,32.6,65.45,76.861,79.817,2.541,2025,0.0,0.0,55.802,,72.6,76.3,1.054,1.066,26.029,N.C. State
117,Northern Colorado,112.16,107.437,0.621,22–10,22,32,57.0,52.3,33.0,35.2,15.9,15.4,25.8,22.4,68.9,57.9,51.9,37.0,35.4,5.7,9.4,52.4,37.6,37.5,34.3,68.914,76.966,79.678,2.479,2025,0.0,0.0,0.2,,72.6,74.7,1.14,1.069,12.38,Northern Colorado
118,Middle Tennessee,108.774,104.356,0.617,20–12,20,32,50.9,48.9,32.4,31.2,16.6,16.0,30.7,28.7,68.9,53.3,49.8,31.5,31.5,10.8,9.5,45.5,49.5,39.6,35.7,68.552,77.205,80.6,2.455,2025,0.0,0.0,11.297,,67.8,73.3,1.064,1.043,16.289,Middle Tennessee
119,Chattanooga,115.242,110.582,0.616,27–9,27,36,56.2,51.8,30.9,33.9,14.7,16.2,25.5,28.9,67.3,57.5,51.1,36.5,35.1,8.1,8.8,61.0,49.6,45.6,41.0,66.769,76.215,80.258,2.279,2025,0.0,0.0,0.2,,76.9,69.8,1.152,1.075,13.737,Chattanooga
120,George Washington,107.147,103.133,0.608,20–13,20,33,50.6,48.7,41.0,26.2,18.6,19.2,31.5,32.5,67.2,53.2,49.4,31.3,31.8,8.6,13.8,55.5,52.6,42.2,38.7,67.403,77.698,80.818,1.493,2025,0.0,0.0,38.013,,69.5,73.1,1.063,1.008,12.936,George Washington
121,Saint Louis,109.028,104.99,0.607,17–15,17,32,56.3,49.2,30.0,24.0,18.6,14.3,23.4,28.0,68.2,59.9,48.3,35.1,33.7,7.4,11.9,56.6,48.4,50.1,39.7,67.62,76.883,80.283,2.23,2025,0.0,0.0,10.961,,69.2,71.4,1.07,1.056,18.528,Saint Louis
122,Illinois St.,112.999,108.829,0.606,21–14,21,35,56.3,53.1,31.9,31.8,15.9,16.3,24.7,25.2,66.1,57.0,53.0,37.1,35.5,5.6,8.9,53.9,47.5,46.7,42.0,66.02,76.173,79.32,1.799,2025,0.0,0.0,1.767,,74.8,75.4,1.129,1.091,13.527,Illinois St.
123,North Dakota St.,115.55,111.35,0.605,18–11,18,29,58.2,51.4,32.6,27.1,15.6,11.1,26.2,29.0,66.7,56.5,51.3,39.8,34.3,4.8,9.3,55.2,41.2,53.6,39.1,65.291,76.356,80.076,2.214,2025,0.0,0.0,6.917,,79.0,70.1,1.192,1.123,11.484,North Dakota St.
124,Jacksonville St.,108.681,104.825,0.602,20–13,20,33,49.7,49.2,31.8,27.4,15.9,13.5,31.0,26.3,65.5,49.0,47.2,34.0,34.6,9.9,8.7,43.7,52.7,36.9,43.0,64.951,77.78,80.736,1.998,2025,0.0,0.0,0.2,,74.3,70.2,1.075,1.05,16.472,Jacksonville St.
125,North Alabama,110.911,106.995,0.602,22–11,22,33,51.3,50.4,31.0,28.2,12.8,16.6,33.4,28.8,67.2,51.0,51.6,34.6,32.5,9.5,9.6,42.3,51.8,34.5,43.4,66.898,75.875,79.112,2.108,2025,0.0,0.0,6.308,,70.4,69.8,1.144,1.048,10.656,North Alabama
126,Belmont,112.206,108.248,0.602,21–11,21,32,54.8,53.7,26.1,27.0,15.9,17.6,27.2,29.4,70.3,52.9,54.6,38.1,35.1,9.1,9.9,60.1,55.5,44.6,43.4,70.852,78.105,80.895,2.04,2025,0.0,0.0,13.381,,71.3,72.3,1.118,1.089,13.435,Belmont
127,California,110.046,106.166,0.602,14–19,14,33,47.8,53.0,38.9,32.8,16.6,16.3,34.7,28.8,67.9,48.2,51.3,31.5,37.6,9.3,10.4,41.2,42.8,37.8,32.8,67.773,76.934,80.278,1.858,2025,0.0,0.0,42.62,,74.6,74.1,1.081,1.099,26.668,California
128,Cornell,114.882,110.981,0.598,16–11,16,27,58.7,52.2,28.6,31.3,16.8,15.3,25.5,28.9,72.1,61.1,52.3,37.4,34.7,8.1,6.5,60.7,53.9,48.6,39.1,70.979,76.945,79.452,2.03,2025,0.0,0.0,2.685,,76.2,70.0,1.157,1.092,10.077,Cornell
129,Kennesaw St.,107.325,103.86,0.593,16–14,16,30,49.3,48.3,38.8,42.6,19.7,15.1,32.5,27.4,70.6,52.2,48.1,30.6,32.5,11.8,11.7,50.5,52.6,45.5,38.4,70.384,77.385,79.816,1.357,2025,0.0,0.0,7.296,,73.2,69.6,1.035,1.04,16.497,Kennesaw St.
130,Duquesne,106.427,103.2,0.588,12–19,12,31,50.0,50.2,30.0,39.5,18.3,20.0,32.9,30.7,65.4,49.2,48.1,34.0,35.9,12.6,10.2,54.7,53.4,43.2,35.9,65.296,76.827,80.158,2.079,2025,0.0,0.0,0.2,,64.5,72.2,1.037,1.032,13.932,Duquesne
131,South Alabama,106.713,103.667,0.582,19–11,19,30,50.8,48.5,33.6,24.4,14.6,20.6,28.3,32.2,64.0,53.6,46.9,31.7,33.1,11.3,10.7,56.0,69.7,45.6,59.3,63.354,75.958,78.38,2.281,2025,0.0,0.0,23.227,,70.9,69.5,1.085,0.999,11.768,South Alabama
132,Nebraska Omaha,112.097,109.087,0.578,20–13,20,33,52.6,53.2,36.0,37.2,15.6,14.8,29.8,25.9,68.9,52.1,53.5,35.6,35.2,7.1,8.6,49.7,52.2,39.1,45.0,67.757,77.23,79.994,2.433,2025,-0.101,-0.105,0.2,,73.0,71.9,1.118,1.106,14.409,Nebraska Omaha
133,South Dakota St.,109.759,106.853,0.577,17–12,17,29,53.6,50.9,31.2,29.9,17.6,12.7,33.6,21.4,70.0,54.5,52.3,34.8,32.9,7.3,7.5,49.0,46.0,40.0,47.8,69.302,77.176,80.923,1.029,2025,0.0,0.0,14.988,,75.3,76.2,1.129,1.072,15.211,South Dakota St.
134,Montana,111.896,109.027,0.574,22–10,22,32,56.0,52.5,35.6,32.0,16.1,15.5,22.5,29.0,67.5,56.9,53.7,36.3,33.6,7.9,8.8,49.4,45.6,36.8,35.1,67.31,76.557,78.537,2.15,2025,-0.085,-0.158,0.2,,74.6,74.2,1.109,1.107,16.548,Montana
135,Louisiana Tech,107.767,105.244,0.568,17–12,17,29,52.5,47.8,35.0,32.0,18.9,14.7,29.3,28.7,65.8,53.5,48.8,34.1,30.8,11.0,8.9,57.5,47.8,41.4,38.9,64.679,76.929,80.041,1.832,2025,0.0,0.0,46.386,,75.0,69.9,1.068,1.035,13.911,Louisiana Tech
136,Wichita St.,106.58,104.202,0.565,18–15,18,33,48.6,50.0,34.9,28.6,16.3,15.5,32.0,28.8,69.3,49.9,49.7,30.2,33.6,11.6,10.6,44.6,51.3,28.4,38.0,68.92,76.866,80.179,2.81,2025,0.0,0.0,25.615,,72.7,67.0,1.055,1.048,16.365,Wichita St.
137,Furman,110.247,107.8,0.564,22–10,22,32,53.7,49.6,34.6,28.9,17.0,16.4,30.1,31.0,66.2,53.5,49.5,35.9,33.1,8.9,11.3,64.1,47.6,51.5,38.5,66.0,77.847,81.449,2.047,2025,0.0,0.0,4.23,,69.4,73.8,1.108,1.062,11.942,Furman
138,Robert Morris,106.712,104.619,0.557,25–9,25,34,51.2,50.7,37.6,30.3,18.2,18.7,35.2,28.1,68.9,50.7,50.6,34.6,34.0,11.9,9.5,60.4,52.2,36.7,35.6,68.223,76.66,79.548,1.901,2025,-0.056,-0.105,0.2,,71.8,72.4,1.097,1.021,10.541,Robert Morris
139,Wofford,111.978,109.913,0.553,17–16,17,33,53.2,51.9,30.6,36.4,16.9,14.7,35.5,26.3,64.5,54.2,52.0,34.8,34.5,8.7,9.8,55.0,49.6,47.7,46.0,64.203,76.159,79.176,2.084,2025,-0.059,-0.105,0.2,,66.7,69.2,1.125,1.091,14.451,Wofford
140,Cal St. Northridge,107.52,105.62,0.551,20–11,20,31,51.7,50.1,35.6,44.8,18.8,20.2,35.2,24.3,72.7,51.6,46.7,34.7,35.7,10.6,8.0,55.3,62.1,30.7,50.8,72.421,77.349,79.347,2.475,2025,0.0,0.0,28.676,,72.9,77.0,1.09,1.019,13.084,Cal St. Northridge
141,Seattle,102.98,101.312,0.547,12–18,12,30,46.5,51.2,42.3,36.7,17.0,20.9,29.9,27.0,67.5,46.3,53.3,31.3,31.9,9.7,11.4,51.3,56.3,36.3,38.6,66.213,76.71,80.183,2.163,2025,0.0,0.0,18.522,,71.3,72.1,1.019,1.002,14.892,Seattle
142,Miami OH,108.161,106.454,0.546,23–9,23,32,55.4,51.3,28.1,33.3,17.4,19.1,27.5,29.0,70.1,53.9,51.9,38.2,33.6,10.1,9.7,55.4,48.0,44.0,39.9,69.102,77.396,80.564,1.133,2025,0.0,0.0,19.277,,72.4,71.6,1.104,1.041,10.919,Miami OH
143,Texas A&M Corpus Chris,106.503,104.911,0.543,16–14,16,30,52.8,49.9,36.7,40.4,17.8,18.3,31.9,30.7,67.5,53.0,48.4,34.7,35.0,10.1,11.6,51.4,53.2,29.2,36.7,67.7,77.098,80.014,2.089,2025,0.0,0.0,6.926,,62.2,67.4,1.073,1.038,15.481,Texas A&M Corpus Chris
144,Davidson,109.164,107.533,0.543,16–16,16,32,52.4,52.3,29.2,28.1,14.6,15.4,24.4,26.9,66.3,53.3,51.9,34.1,35.3,7.3,8.8,56.9,49.2,42.1,39.9,65.96,78.576,81.142,1.694,2025,0.0,0.0,12.525,,75.0,70.0,1.086,1.078,16.311,Davidson
145,Samford,110.89,109.254,0.543,20–11,20,31,54.6,53.4,29.4,42.6,18.6,21.6,34.7,33.5,71.5,53.9,54.1,36.9,35.0,10.8,10.3,56.2,59.6,47.1,44.0,71.102,76.607,79.832,1.715,2025,0.0,0.0,19.394,,72.1,69.9,1.133,1.068,14.262,Samford
146,Tulane,107.968,106.435,0.541,17–15,17,32,51.7,49.0,35.3,32.7,16.0,17.5,26.8,32.1,67.8,52.4,49.1,33.8,32.7,12.7,10.6,56.6,60.1,39.4,42.8,67.12,78.329,80.135,1.168,2025,0.0,0.0,59.306,,75.0,73.1,1.082,1.053,13.368,Tulane
147,UTEP,105.756,104.342,0.539,15–15,15,30,49.3,52.4,37.0,40.0,16.6,22.0,25.4,32.4,68.9,47.7,54.0,34.6,33.4,8.9,9.7,51.0,57.7,36.2,41.2,68.697,76.863,79.403,2.158,2025,0.0,0.0,7.975,,71.9,71.5,1.028,1.042,16.137,UTEP
148,Virginia Tech,106.152,105.133,0.528,13–19,13,32,51.2,52.3,30.8,31.8,20.1,16.2,31.0,29.2,66.1,50.3,54.6,35.0,32.6,5.8,9.9,51.5,55.0,40.4,41.2,65.365,77.33,80.429,1.346,2025,0.0,0.0,44.441,,71.4,75.8,1.035,1.094,23.774,Virginia Tech
149,Loyola Marymount,104.363,103.595,0.521,16–15,16,31,50.2,48.5,29.0,28.9,15.2,15.7,22.8,30.9,68.4,50.6,49.0,33.1,31.8,10.4,6.6,50.9,51.0,40.4,36.6,67.33,78.912,82.016,2.437,2025,0.0,0.0,23.973,,72.2,75.7,1.028,1.053,20.678,Loyola Marymount
150,Murray St.,105.333,104.689,0.518,15–17,15,32,49.3,51.2,41.2,35.5,16.9,17.3,29.1,26.4,65.3,48.6,52.6,33.6,32.1,7.9,10.5,49.0,37.7,40.1,32.1,64.948,76.777,78.696,2.769,2025,0.0,0.0,12.13,,72.2,74.2,1.055,1.049,15.61,Murray St.
151,UC Santa Barbara,108.479,107.954,0.514,19–13,19,32,54.6,48.9,29.7,32.0,18.2,17.2,27.5,29.2,66.5,52.4,50.5,38.1,30.8,8.4,7.1,58.3,46.1,47.4,36.9,65.519,77.839,80.755,2.479,2025,0.0,0.0,26.615,,77.2,77.4,1.1,1.043,11.145,UC Santa Barbara
152,Bryant,105.979,105.491,0.513,21–12,21,33,50.7,47.8,29.9,30.0,16.3,16.4,33.8,29.5,73.1,51.3,47.3,33.0,32.5,14.7,5.7,48.7,43.2,34.7,36.1,72.596,78.8,80.402,2.501,2025,-0.072,-0.105,33.488,,71.6,72.0,1.088,1.021,10.877,Bryant
153,Radford,109.966,109.483,0.513,18–13,18,31,51.1,51.0,41.3,37.0,17.7,16.5,33.8,30.0,64.3,49.9,49.3,35.6,35.8,8.8,8.4,44.3,48.0,36.3,40.1,63.205,77.509,80.532,2.551,2025,0.0,0.0,9.896,,76.1,75.4,1.107,1.096,14.228,Radford
154,Milwaukee,106.782,106.351,0.512,19–11,19,30,51.4,51.5,38.0,32.4,19.4,18.3,39.8,26.6,69.4,53.1,52.2,31.9,33.6,9.3,10.3,49.5,51.5,31.5,38.6,68.948,76.387,80.04,2.654,2025,0.0,0.0,2.571,,68.2,73.2,1.096,1.037,10.022,Milwaukee
155,James Madison,110.559,110.29,0.507,18–12,18,30,50.7,50.9,30.4,33.4,15.8,15.6,32.0,30.5,65.2,50.0,49.6,34.3,35.5,8.4,8.1,45.8,41.4,45.2,35.1,65.216,76.764,80.638,2.103,2025,0.0,0.0,22.469,,76.4,71.8,1.101,1.086,11.112,James Madison
156,Sam Houston St.,110.735,110.486,0.506,10–19,10,29,51.0,53.1,36.3,33.2,18.3,17.2,30.3,32.2,68.1,46.9,52.3,38.3,36.2,8.2,8.5,49.4,52.4,38.6,41.2,68.038,76.496,80.296,2.176,2025,0.0,0.0,6.809,,72.9,72.3,1.057,1.117,18.957,Sam Houston St.
157,Cleveland St.,104.262,104.093,0.505,20–13,20,33,49.5,51.2,30.8,38.9,18.0,21.9,34.5,33.6,66.0,49.8,50.3,32.6,35.0,13.7,9.8,50.7,55.7,32.3,39.8,65.795,76.352,79.852,2.059,2025,0.0,0.0,0.2,,72.8,70.0,1.061,1.026,11.142,Cleveland St.
158,San Jose St.,106.65,106.626,0.501,13–20,13,33,50.3,52.0,31.8,28.4,17.2,16.7,26.8,32.1,66.7,48.6,54.2,35.3,31.9,7.5,9.3,50.5,52.3,40.8,35.5,66.571,76.908,79.524,2.109,2025,0.0,0.0,19.587,,74.0,69.4,1.038,1.091,20.763,San Jose St.
159,Charleston,105.341,105.321,0.501,23–9,23,32,52.4,50.1,34.6,26.5,16.2,16.4,26.5,28.3,70.1,51.8,51.4,35.5,32.1,6.3,10.0,58.7,53.7,40.0,39.7,70.513,77.208,80.792,2.098,2025,0.0,0.0,0.2,,71.1,71.2,1.077,1.038,9.796,Charleston
160,Temple,110.545,110.531,0.5,16–15,16,31,49.9,50.6,45.2,36.4,15.7,15.1,32.0,31.2,69.3,48.2,51.0,35.8,33.3,9.2,10.2,40.8,54.1,31.3,36.4,68.991,77.689,80.315,1.815,2025,0.0,0.0,34.083,,73.4,70.7,1.097,1.095,12.836,Temple
161,Nicholls St.,105.876,105.928,0.499,17–13,17,30,48.1,48.1,33.1,35.9,15.3,16.7,30.6,31.5,68.3,45.6,49.9,35.0,30.1,10.2,12.0,42.8,49.6,36.8,37.6,68.383,76.468,79.349,2.613,2025,0.0,0.0,6.825,,68.6,71.1,1.047,1.042,14.966,Nicholls St.
162,Cal Baptist,104.929,105.14,0.494,17–15,17,32,48.3,50.1,29.7,33.4,17.7,18.1,33.3,29.6,67.4,48.6,50.3,31.7,33.2,6.9,9.1,45.6,39.6,35.0,31.3,66.084,76.669,80.06,2.289,2025,0.0,0.0,10.53,,75.7,68.4,1.044,1.026,12.067,Cal Baptist
163,Western Kentucky,103.22,103.459,0.493,15–15,15,30,47.9,47.4,32.1,40.6,15.5,17.0,23.5,28.1,72.8,48.0,48.7,31.7,30.5,8.1,11.4,44.1,54.7,39.7,44.1,72.076,76.049,80.082,2.657,2025,0.0,0.0,14.114,,72.2,74.1,1.003,1.023,17.177,Western Kentucky
164,Lamar,101.818,102.105,0.492,17–13,17,30,47.2,47.6,29.0,34.8,19.0,17.7,35.5,31.8,65.8,44.3,47.9,35.6,31.4,14.7,9.8,56.6,55.6,32.8,39.1,65.526,77.049,81.079,2.396,2025,0.0,0.0,0.2,,69.9,67.4,1.021,1.013,15.127,Lamar
165,Rhode Island,107.744,108.13,0.49,17–13,17,30,52.8,49.3,41.1,30.8,17.9,16.0,28.3,28.6,71.0,53.3,50.6,34.6,31.5,8.7,10.9,51.4,51.9,37.7,39.7,70.644,77.326,80.866,2.358,2025,0.0,0.0,20.946,,69.3,72.9,1.074,1.047,12.274,Rhode Island
166,Appalachian St.,100.71,101.248,0.485,15–14,15,29,49.6,46.1,35.1,22.2,16.9,14.8,27.6,29.6,63.9,48.7,47.0,34.0,29.8,8.8,10.9,51.7,49.8,41.1,40.1,63.431,77.42,81.799,2.381,2025,0.0,0.0,14.593,,65.5,74.4,1.026,1.007,12.149,Appalachian St.
167,Winthrop,107.551,108.186,0.483,20–11,20,31,53.3,51.4,47.7,37.1,17.7,18.7,31.2,31.5,73.8,55.0,50.6,33.8,35.2,8.7,11.0,43.8,46.4,38.3,37.9,72.922,77.079,79.654,2.408,2025,0.0,0.0,5.755,,66.2,72.5,1.102,1.069,11.717,Winthrop
168,East Tennessee St.,105.028,105.68,0.482,17–13,17,30,50.3,50.3,33.2,34.3,16.1,18.9,35.7,29.8,65.5,48.9,49.5,34.7,34.2,11.0,9.9,50.7,50.6,41.7,41.1,65.291,76.589,79.827,2.459,2025,0.0,0.0,9.656,,66.5,67.2,1.092,1.029,9.007,East Tennessee St.
169,Marshall,105.998,106.668,0.482,18–13,18,31,49.9,49.3,34.8,40.9,16.5,16.8,33.0,29.6,68.9,51.0,49.7,32.3,32.2,14.5,8.7,53.3,40.3,39.6,32.8,68.895,77.267,79.726,2.587,2025,0.0,0.0,4.118,,69.0,70.7,1.08,1.047,10.48,Marshall
170,Purdue Fort Wayne,107.918,108.628,0.481,17–13,17,30,54.7,53.3,29.1,30.0,13.8,20.1,22.0,32.8,70.3,54.0,56.2,37.1,32.6,7.4,10.0,47.6,49.8,45.6,40.0,69.862,75.153,79.742,2.255,2025,0.0,0.0,0.2,,75.1,74.0,1.115,1.072,11.854,Purdue Fort Wayne
171,Towson,106.284,107.009,0.48,21–11,21,32,47.9,50.8,28.4,30.7,14.5,17.3,35.3,28.0,64.1,46.7,50.7,33.4,34.1,9.7,8.1,41.4,46.2,37.2,38.8,63.802,77.201,79.7,1.968,2025,0.0,0.0,1.993,,68.2,70.6,1.071,1.045,11.948,Towson
172,UC Riverside,109.573,110.345,0.48,19–13,19,32,49.4,52.2,28.0,33.1,16.0,15.6,32.1,28.8,68.1,48.8,51.7,33.5,35.3,6.2,8.7,48.7,52.5,42.3,39.0,67.268,77.086,81.291,1.535,2025,0.0,0.0,0.2,,76.9,75.1,1.076,1.103,19.438,UC Riverside
173,UNC Greensboro,105.394,106.177,0.479,17–12,17,29,50.7,47.8,29.8,34.0,15.3,16.4,31.1,30.1,64.6,48.0,48.7,36.2,31.0,8.7,7.3,48.5,46.0,42.4,43.1,63.975,76.559,79.782,2.55,2025,0.0,0.0,0.2,,73.7,72.5,1.09,1.041,11.213,UNC Greensboro
174,Southern Illinois,106.543,107.778,0.467,12–19,12,31,51.6,52.6,34.2,33.7,18.3,15.2,30.3,28.0,68.1,51.0,51.5,35.1,36.1,8.5,8.3,52.3,53.7,33.6,39.8,68.128,77.801,79.638,1.53,2025,0.0,0.0,37.238,,67.8,70.9,1.051,1.099,15.718,Southern Illinois
175,Dartmouth,100.601,101.87,0.464,12–14,12,26,50.3,49.1,30.3,23.2,16.2,13.8,22.8,24.9,71.6,49.8,52.1,33.9,29.6,7.9,9.3,56.9,51.9,46.5,38.5,71.049,76.246,79.203,2.004,2025,0.0,0.0,0.2,,75.1,70.0,1.031,1.021,9.349,Dartmouth
176,Boston College,105.036,106.482,0.461,12–19,12,31,48.9,51.9,31.5,37.1,17.3,15.5,28.8,30.0,66.9,47.5,51.3,34.5,35.2,10.5,8.0,45.3,48.4,33.0,35.9,66.959,76.874,79.675,1.655,2025,0.0,0.0,40.091,,71.9,71.7,1.024,1.103,22.545,Boston College
177,Rice,106.483,107.959,0.461,13–18,13,31,48.6,47.8,43.3,35.9,17.8,14.0,33.7,29.6,65.9,47.8,47.5,33.2,32.1,8.5,10.0,50.9,47.7,38.8,36.9,65.67,77.576,80.657,2.39,2025,0.0,0.0,17.287,,68.3,71.5,1.06,1.059,11.533,Rice
178,Ohio,106.828,108.485,0.456,15–16,15,31,53.4,52.3,33.5,36.4,14.9,17.8,23.9,29.0,71.5,53.9,50.4,35.0,37.6,7.2,8.7,49.4,47.5,40.1,32.6,70.581,76.001,78.858,2.03,2025,0.0,0.0,17.346,,76.5,70.4,1.097,1.073,10.083,Ohio
179,Drexel,104.038,105.77,0.453,17–15,17,32,52.2,47.8,24.2,28.2,18.6,14.4,33.0,30.1,63.9,51.9,48.1,35.0,31.6,11.9,8.1,48.4,48.7,37.1,35.4,63.207,77.628,79.438,1.607,2025,0.0,0.0,0.2,,69.8,69.2,1.068,1.038,7.262,Drexel
180,UTSA,107.145,109.01,0.451,10–19,10,29,49.7,53.3,29.0,43.9,15.7,20.6,27.0,35.5,69.7,46.1,53.2,36.1,35.7,9.7,12.8,48.1,58.0,44.1,37.9,69.978,76.442,79.64,2.36,2025,0.0,0.0,4.866,,79.1,72.8,1.059,1.102,16.717,UTSA
181,Florida Gulf Coast,106.606,108.497,0.45,18–15,18,33,53.6,50.2,23.2,29.6,16.2,14.1,30.0,26.4,65.7,53.9,48.2,35.5,35.2,7.2,8.7,50.5,49.8,38.2,43.3,65.521,77.119,79.666,2.03,2025,0.0,0.0,12.186,,68.9,71.6,1.096,1.065,10.904,Florida Gulf Coast
182,South Carolina St.,102.655,104.552,0.448,17–13,17,30,50.8,50.1,42.9,47.0,19.9,22.8,35.7,32.7,70.7,50.2,51.8,34.7,31.1,10.0,8.2,56.9,55.7,33.0,34.1,69.427,77.231,79.793,1.854,2025,0.0,0.0,0.2,,70.2,69.7,1.066,1.004,9.718,South Carolina St.
183,Miami FL,112.628,114.711,0.448,7–24,7,31,51.9,57.4,26.4,28.8,16.0,15.0,28.2,30.8,67.6,55.1,55.9,31.3,39.7,9.6,8.1,47.0,56.2,38.5,39.9,67.705,77.812,80.412,2.021,2025,0.0,0.0,55.277,,76.4,74.4,1.086,1.183,27.359,Miami FL
184,Eastern Kentucky,109.277,111.337,0.447,16–14,16,30,49.7,52.6,26.0,31.8,13.8,17.8,32.4,33.2,68.0,47.7,52.1,34.9,35.5,9.5,8.6,47.0,49.5,42.2,37.3,67.845,76.782,79.742,1.822,2025,0.0,0.0,8.128,,77.4,71.1,1.107,1.099,13.166,Eastern Kentucky
185,Oakland,106.694,108.715,0.446,15–18,15,33,50.1,51.4,31.7,27.8,18.0,16.2,34.1,32.6,64.6,53.2,49.7,30.6,35.9,8.7,9.8,51.1,61.7,42.3,41.0,63.878,76.989,78.866,2.345,2025,0.0,0.0,5.851,,69.9,73.4,1.067,1.093,17.109,Oakland
186,East Carolina,106.594,108.636,0.446,17–14,17,31,48.4,51.7,35.2,31.6,15.6,17.4,33.8,31.2,67.3,49.3,48.5,31.2,38.4,11.6,9.1,49.8,55.6,35.2,35.3,66.741,76.738,78.785,2.588,2025,0.0,0.0,41.905,,72.9,73.4,1.079,1.077,11.947,East Carolina
187,Montana St.,104.899,107.002,0.443,14–18,14,32,52.8,48.8,31.9,31.9,15.1,15.3,20.7,29.4,66.6,53.8,50.6,34.3,29.8,9.0,7.4,52.0,46.0,43.0,32.0,66.2,78.403,80.153,2.577,2025,0.0,0.0,22.014,,72.5,77.2,1.058,1.059,14.37,Montana St.
188,Illinois Chicago,105.668,107.844,0.442,15–14,15,29,51.1,51.6,35.1,31.6,17.5,15.8,30.0,27.9,68.7,51.1,51.6,34.0,34.4,8.3,10.3,56.0,57.1,39.4,35.3,69.3,76.523,79.626,2.3,2025,0.0,0.0,14.347,,72.1,71.1,1.06,1.077,15.24,Illinois Chicago
189,Cal Poly,108.894,111.138,0.442,15–19,15,34,55.2,53.2,26.8,32.4,20.7,19.1,27.6,33.2,74.7,56.0,54.3,36.3,34.4,5.4,10.2,52.9,50.3,51.1,39.9,74.715,76.411,77.855,2.09,2025,0.0,0.0,1.972,,76.9,76.0,1.075,1.099,16.08,Cal Poly
190,Portland St.,100.84,103.07,0.437,16–13,16,29,50.5,50.0,34.3,34.9,18.4,19.6,33.4,30.4,68.5,51.7,51.6,32.0,31.7,13.7,8.2,48.6,52.7,31.7,39.1,68.468,77.753,80.017,2.694,2025,0.0,0.0,9.207,,63.5,73.4,1.043,1.03,8.985,Portland St.
191,Wyoming,103.119,105.731,0.429,11–20,11,31,50.3,51.0,30.4,41.1,19.9,15.8,30.0,27.2,65.2,49.5,51.7,34.4,33.3,8.2,9.8,48.2,47.1,40.7,37.3,64.793,77.738,80.455,2.27,2025,0.0,0.0,23.511,,65.2,71.7,1.005,1.08,23.18,Wyoming
192,Central Connecticut,99.219,101.748,0.428,23–7,23,30,52.2,47.7,25.9,18.9,17.2,18.1,26.5,25.3,66.1,53.7,49.0,32.9,30.6,12.1,6.0,50.4,52.6,34.8,42.0,65.824,75.572,79.537,2.408,2025,0.0,0.0,0.2,,74.5,68.3,1.052,0.95,5.568,Central Connecticut
193,Northeastern,104.14,106.833,0.427,17–15,17,32,51.1,50.3,28.0,30.3,18.6,18.2,31.4,31.4,67.1,51.3,49.2,33.7,34.9,12.6,10.1,49.7,47.7,34.8,34.7,67.731,77.613,79.248,1.814,2025,0.0,0.0,0.2,,68.7,69.6,1.044,1.037,8.805,Northeastern
194,Norfolk St.,106.848,109.702,0.425,21–11,21,32,52.2,50.0,38.4,35.5,18.3,18.6,33.1,34.6,67.3,54.5,49.4,30.8,33.8,8.9,9.3,49.0,59.6,27.6,43.1,66.533,76.749,80.25,2.603,2025,-0.024,-0.013,7.464,,75.3,71.6,1.101,1.058,13.949,Norfolk St.
195,Southeast Missouri St.,101.744,104.516,0.423,18–12,18,30,51.3,47.6,28.9,42.8,15.4,19.0,24.0,28.7,69.0,51.1,48.8,34.5,30.0,9.2,7.8,48.2,42.2,36.0,31.6,69.128,75.531,79.478,2.02,2025,0.0,0.0,4.131,,71.8,72.5,1.039,0.996,8.224,Southeast Missouri St.
196,Indiana St.,109.207,112.184,0.423,12–18,12,30,54.6,54.3,35.9,38.8,19.5,15.8,26.2,27.0,72.1,56.6,54.5,35.0,35.9,5.4,11.7,57.8,48.8,50.1,38.0,72.585,77.469,79.566,1.625,2025,0.0,0.0,0.2,,75.3,71.4,1.082,1.116,14.628,Indiana St.
197,Merrimack,98.671,101.489,0.42,18–15,18,33,49.4,46.9,24.4,29.9,13.8,23.2,20.8,38.6,64.7,49.3,47.2,33.0,31.0,10.6,8.7,49.7,59.9,42.9,36.3,64.71,75.361,78.573,2.215,2025,0.0,0.0,0.2,,72.3,71.8,1.007,0.986,12.023,Merrimack
198,Brown,102.549,105.581,0.417,13–13,13,26,51.1,49.3,28.0,29.1,17.1,15.7,30.1,30.7,67.3,52.1,49.2,33.1,32.9,14.0,10.3,54.1,47.9,40.5,37.4,66.063,75.988,78.526,2.035,2025,0.0,0.0,3.81,,63.2,71.3,1.043,1.056,13.101,Brown
199,Pepperdine,106.726,109.993,0.414,12–22,12,34,49.6,52.5,31.6,27.2,16.1,15.3,27.7,30.0,69.2,48.9,53.3,34.0,34.2,7.3,8.5,59.6,51.9,34.7,38.9,69.327,78.503,81.608,1.795,2025,0.0,0.0,21.151,,71.6,75.2,1.037,1.115,22.524,Pepperdine
200,Missouri St.,102.186,105.382,0.412,7–23,7,30,50.9,54.7,34.3,38.5,20.7,19.1,32.0,28.4,64.3,49.1,55.0,36.0,36.1,8.4,11.9,49.9,55.3,37.0,39.4,64.038,75.802,77.624,1.724,2025,0.0,0.0,0.2,,65.4,70.9,1.018,1.086,14.765,Missouri St.
201,Southeastern Louisiana,104.599,107.928,0.411,16–14,16,30,49.2,51.4,34.7,36.5,17.4,18.8,30.9,29.4,67.2,49.5,51.9,32.4,33.7,7.1,10.0,46.2,50.8,31.6,42.2,67.185,76.767,80.056,1.977,2025,0.0,0.0,0.2,,74.5,67.2,1.052,1.042,11.516,Southeastern Louisiana
202,South Florida,102.503,105.79,0.41,12–19,12,31,49.7,49.7,34.9,36.7,16.2,18.3,27.7,33.2,69.8,51.1,49.6,31.6,33.3,9.5,10.3,54.0,55.0,37.6,37.5,68.562,76.616,79.941,1.995,2025,0.0,0.0,28.221,,71.8,73.3,1.043,1.071,16.115,South Florida
203,Abilene Christian,98.169,101.376,0.409,13–16,13,29,46.7,51.4,37.2,51.3,20.7,24.0,30.0,31.5,70.1,47.8,52.6,28.9,32.6,8.4,11.2,51.6,51.6,25.3,32.5,69.421,77.337,79.635,1.815,2025,0.0,0.0,16.713,,71.9,69.2,0.956,1.004,14.368,Abilene Christian
204,Hampton,103.624,107.023,0.408,14–16,14,30,47.5,52.6,30.3,43.6,16.0,18.8,34.0,28.7,65.9,46.9,53.3,32.4,34.2,8.6,8.5,42.2,53.3,36.7,35.7,65.754,76.592,79.39,1.804,2025,0.0,0.0,11.307,,70.8,71.8,1.051,1.069,10.734,Hampton
205,Youngstown St.,102.619,106.013,0.408,19–13,19,32,49.8,48.8,36.4,35.8,17.6,18.0,29.3,31.2,70.0,52.1,48.1,31.3,33.5,13.2,8.8,51.4,52.6,46.2,32.8,69.46,76.848,80.7,2.268,2025,0.0,0.0,12.446,,73.7,70.5,1.045,1.029,9.237,Youngstown St.
206,Texas St.,108.545,112.212,0.406,14–16,14,30,50.7,49.9,36.0,41.6,18.1,16.1,35.2,31.5,66.8,49.3,47.4,36.4,36.1,11.2,10.0,52.6,50.7,27.8,36.4,66.258,76.379,78.926,2.527,2025,0.0,0.0,14.887,,76.0,72.0,1.092,1.089,10.879,Texas St.
207,Valparaiso,105.954,109.642,0.403,13–19,13,32,47.7,53.7,33.6,35.4,14.0,17.1,26.5,28.5,68.1,47.3,54.2,32.3,35.2,9.7,9.0,45.2,51.4,38.4,36.0,68.171,76.829,80.229,1.475,2025,0.0,0.0,0.2,,79.0,70.5,1.053,1.093,14.954,Valparaiso
208,Queens,106.69,110.588,0.398,18–15,18,33,52.8,52.1,34.2,30.4,18.2,15.9,31.2,29.3,69.4,52.9,52.0,35.1,34.9,13.5,9.9,59.7,45.9,43.6,37.1,68.684,77.925,80.675,2.104,2025,0.0,0.0,8.146,,68.9,70.5,1.082,1.089,12.89,Queens
209,Princeton,103.564,107.449,0.396,17–11,17,28,51.5,53.4,24.6,31.7,15.2,17.3,26.2,24.2,68.0,50.1,53.5,35.3,35.5,6.0,12.7,57.0,51.2,48.7,40.8,66.939,76.17,79.179,1.681,2025,0.0,0.0,11.997,,70.7,75.0,1.06,1.066,12.196,Princeton
210,Wright St.,109.235,113.363,0.395,13–18,13,31,56.3,53.2,27.0,34.5,17.8,14.2,28.0,27.9,68.1,55.3,52.2,38.6,36.7,7.9,7.9,52.3,49.9,37.8,36.0,67.622,76.631,79.182,1.981,2025,0.0,0.0,0.223,,70.0,70.4,1.109,1.124,10.72,Wright St.
211,Idaho St.,105.823,109.948,0.392,12–15,12,27,47.8,54.1,34.4,32.7,16.3,17.9,38.3,25.9,66.7,48.3,53.0,31.2,37.3,12.2,10.4,47.9,53.9,36.6,37.7,66.124,77.828,80.5,2.102,2025,0.0,0.0,0.2,,74.3,69.5,1.078,1.077,12.702,Idaho St.
212,Southern,98.87,102.862,0.388,17–12,17,29,47.2,49.2,38.1,42.3,18.5,21.1,34.4,28.5,69.8,47.4,48.2,31.2,33.8,11.9,12.7,49.2,60.0,33.3,39.4,68.648,76.144,79.022,2.098,2025,0.0,0.0,0.2,,65.5,69.7,1.001,0.986,13.665,Southern
213,Northwestern St.,102.851,107.014,0.388,14–16,14,30,48.7,49.8,32.2,33.1,20.2,17.4,33.1,32.6,64.2,46.5,46.8,35.2,36.2,12.3,11.5,53.3,50.8,35.7,39.7,64.063,76.411,79.747,2.008,2025,0.0,0.0,12.887,,70.0,70.7,1.01,1.066,16.945,Northwestern St.
214,Incarnate Word,107.156,111.52,0.387,15–17,15,32,51.5,51.9,28.8,36.3,17.5,17.4,34.5,31.8,65.0,50.8,51.1,35.2,35.8,9.4,8.7,45.0,48.0,35.8,31.4,64.847,77.403,79.744,2.144,2025,0.0,0.0,1.94,,68.8,70.5,1.083,1.089,11.235,Incarnate Word
215,Quinnipiac,102.04,106.199,0.387,19–13,19,32,48.4,49.5,31.1,28.3,17.9,17.1,33.5,26.0,71.4,50.7,46.7,29.8,36.1,12.4,11.3,52.4,56.8,38.0,37.1,71.781,77.465,79.764,1.998,2025,0.0,0.0,8.891,,76.6,70.7,1.033,1.008,8.696,Quinnipiac
216,Jacksonville,100.966,105.138,0.386,17–14,17,31,50.2,51.1,28.5,35.0,19.5,18.6,35.6,30.5,68.4,47.5,50.5,36.8,34.7,12.8,9.4,51.3,49.6,33.9,38.1,67.776,76.876,79.986,1.901,2025,0.0,0.0,22.509,,67.4,69.6,1.039,1.046,13.642,Jacksonville
217,Bucknell,103.438,107.772,0.384,18–15,18,33,53.8,50.3,36.7,35.4,18.6,17.0,26.0,28.0,67.5,54.4,49.0,35.3,34.7,9.2,9.3,52.0,50.6,41.0,40.6,67.763,76.736,81.034,2.139,2025,0.0,0.0,0.2,,66.4,68.6,1.05,1.038,11.589,Bucknell
218,La Salle,103.389,107.73,0.384,13–19,13,32,46.1,52.6,31.4,30.0,15.5,16.7,30.5,29.5,69.7,44.5,54.5,32.8,33.2,10.2,9.0,45.1,54.9,33.2,41.5,68.937,77.38,80.539,2.079,2025,0.0,0.0,23.77,,72.4,69.6,1.014,1.081,17.07,La Salle
219,Seton Hall,97.395,101.504,0.383,7–25,7,32,44.7,54.6,32.9,39.6,19.1,22.2,31.2,31.8,64.7,43.9,54.5,31.2,36.6,11.9,10.7,50.7,59.2,30.5,44.4,64.668,78.169,80.212,1.545,2025,0.0,0.0,58.173,,66.3,72.6,0.94,1.072,29.712,Seton Hall
220,Central Michigan,105.011,109.517,0.382,10–17,10,27,49.8,53.1,35.8,31.3,17.6,18.2,32.1,29.1,68.5,51.2,52.5,31.3,35.9,8.0,8.8,48.9,54.8,33.3,43.9,67.468,77.895,79.814,2.035,2025,0.0,0.0,0.2,,73.2,70.4,1.052,1.077,16.209,Central Michigan
221,UT Rio Grande Valley,105.176,109.706,0.381,12–15,12,27,51.7,51.4,22.7,29.9,19.2,17.6,30.8,33.9,70.8,55.4,52.0,31.8,33.4,6.8,7.8,57.0,51.3,49.0,35.1,70.749,76.061,78.527,2.41,2025,0.0,0.0,0.2,,71.1,74.4,1.048,1.086,14.895,UT Rio Grande Valley
222,William & Mary,106.774,111.462,0.379,15–15,15,30,53.7,53.5,35.6,35.5,18.1,17.6,26.2,30.2,71.0,55.8,54.4,34.5,34.8,4.8,11.5,62.0,51.4,51.5,41.6,71.681,77.446,79.527,2.367,2025,0.0,0.0,12.835,,72.8,72.2,1.077,1.106,10.606,William & Mary
223,Massachusetts,101.55,106.403,0.369,11–20,11,31,45.1,49.8,34.0,36.6,16.1,17.5,34.3,31.0,70.7,46.6,49.7,28.0,33.2,13.0,8.9,48.2,57.6,32.2,39.9,70.629,76.818,80.242,1.619,2025,0.0,0.0,36.756,,67.2,72.2,1.008,1.053,15.66,Massachusetts
224,Fordham,106.278,111.387,0.368,11–21,11,32,48.6,52.8,32.8,39.2,18.4,16.7,31.5,30.6,70.2,49.1,52.6,32.0,35.5,8.3,10.3,52.1,49.6,41.5,31.8,69.833,76.317,79.901,2.42,2025,0.0,0.0,22.724,,72.3,71.4,1.033,1.104,16.383,Fordham
225,SIU Edwardsville,101.031,105.901,0.368,19–12,19,31,48.5,47.6,33.1,33.1,17.2,17.1,31.3,29.7,67.0,47.9,46.3,33.1,33.1,11.7,8.3,51.8,48.4,36.6,38.7,66.194,77.173,80.815,2.223,2025,-0.009,-0.013,7.262,,67.3,70.4,1.031,1.011,10.891,SIU Edwardsville
226,Hofstra,97.912,102.704,0.366,13–18,13,31,48.9,45.9,25.3,38.0,17.6,16.4,25.8,28.6,64.3,48.1,42.6,33.2,33.9,11.7,9.2,55.6,52.8,42.3,40.4,63.861,77.033,79.782,2.035,2025,0.0,0.0,9.532,,70.8,69.8,0.986,1.003,11.22,Hofstra
227,Vermont,99.896,104.881,0.364,19–12,19,31,49.0,48.8,29.8,27.1,17.3,15.7,26.2,25.8,63.9,49.5,48.3,32.3,33.0,12.4,11.6,49.6,45.1,43.5,38.6,62.844,77.716,79.719,2.32,2025,0.0,0.0,0.722,,72.1,72.7,1.009,1.016,9.736,Vermont
228,Longwood,105.091,110.488,0.36,15–14,15,29,51.3,55.9,45.4,38.3,18.0,20.7,32.1,29.6,70.3,52.3,59.8,32.9,33.7,6.5,7.8,49.7,49.6,33.9,41.6,69.206,75.469,78.496,1.987,2025,0.0,0.0,21.297,,72.4,68.7,1.089,1.083,10.801,Longwood
229,UMKC,100.617,105.8,0.359,9–20,9,29,48.4,51.2,30.9,35.2,18.6,17.1,32.8,29.7,65.7,47.5,53.6,33.1,31.8,9.9,8.1,48.1,47.9,44.0,40.8,64.676,77.496,79.281,2.302,2025,0.0,0.0,4.219,,76.9,73.0,1.032,1.071,13.781,UMKC
230,Delaware,109.225,114.855,0.359,14–20,14,34,55.1,52.2,30.0,32.9,16.6,15.5,22.4,32.5,70.1,54.1,51.9,37.7,35.3,7.0,9.9,50.8,45.2,39.9,34.1,70.531,77.166,78.992,1.994,2025,0.0,0.0,22.411,,77.7,73.9,1.095,1.124,10.679,Delaware
231,Campbell,101.268,106.492,0.359,13–17,13,30,50.0,52.4,29.7,29.9,15.8,18.8,24.6,27.7,66.2,51.5,55.8,31.9,31.1,8.5,10.3,54.0,52.5,41.8,36.8,66.086,77.542,79.607,2.448,2025,0.0,0.0,7.673,,76.4,70.2,1.037,1.044,10.998,Campbell
232,Richmond,103.541,108.897,0.359,8–22,8,30,48.4,52.7,29.7,37.1,15.4,15.8,19.3,27.7,64.2,49.7,52.4,31.2,35.4,7.2,9.7,51.7,52.5,45.6,48.6,64.077,76.657,81.275,2.048,2025,0.0,0.0,4.918,,80.8,72.3,0.998,1.103,17.813,Richmond
233,UNC Asheville,107.092,112.646,0.359,17–11,17,28,52.0,53.4,34.4,40.1,14.8,18.0,29.7,34.1,70.1,52.4,53.8,34.2,35.2,11.5,5.4,45.6,50.3,35.0,38.9,68.099,77.318,80.469,2.221,2025,0.0,0.0,19.242,,72.2,70.3,1.111,1.12,12.321,UNC Asheville
234,Tennessee St.,103.108,108.519,0.357,14–16,14,30,51.3,48.8,41.4,39.3,21.1,17.4,33.8,30.3,71.3,52.5,48.1,32.6,33.4,9.5,8.4,47.3,48.0,33.6,35.9,70.774,77.735,80.176,2.111,2025,0.0,0.0,11.019,,68.4,68.6,1.042,1.033,7.442,Tennessee St.
235,Elon,106.502,112.124,0.356,15–16,15,31,50.4,48.0,38.7,25.1,19.1,13.0,36.1,31.5,65.5,50.8,46.9,33.2,33.0,12.0,8.1,48.6,57.8,41.5,44.0,65.321,79.547,83.419,1.725,2025,0.0,0.0,6.392,,76.0,71.4,1.087,1.078,9.555,Elon
236,Maine,99.159,104.481,0.354,18–14,18,32,51.6,50.4,28.2,29.0,15.5,21.9,21.8,32.3,66.5,50.6,50.7,35.7,33.3,9.9,7.4,55.3,54.3,33.0,36.2,66.215,77.067,79.875,2.536,2025,0.0,0.0,0.2,,72.8,71.9,1.034,1.007,8.939,Maine
237,South Dakota,108.533,114.434,0.352,16–14,16,30,50.1,54.8,45.4,35.2,12.6,17.3,30.0,35.7,75.0,51.7,55.4,31.6,35.9,7.8,8.5,39.5,50.8,37.5,38.9,74.762,77.257,79.388,2.334,2025,0.0,0.0,10.379,,71.4,71.8,1.125,1.154,12.732,South Dakota
238,Harvard,102.188,107.909,0.348,11–15,11,26,50.6,52.2,24.4,24.6,18.0,17.7,25.0,31.1,66.9,52.2,53.4,32.0,33.5,7.8,9.6,54.4,51.1,39.9,36.5,65.936,76.634,78.17,1.305,2025,0.0,0.0,26.556,,77.6,75.8,1.017,1.076,12.131,Harvard
239,Northern Kentucky,103.174,109.065,0.346,15–16,15,31,49.8,52.5,31.3,29.3,17.3,19.9,31.0,32.5,66.8,50.0,50.6,33.0,37.0,9.3,9.0,54.2,54.0,40.0,40.1,66.187,77.398,79.493,2.373,2025,0.0,0.0,8.079,,67.2,74.1,1.039,1.064,12.02,Northern Kentucky
240,Tulsa,102.143,108.128,0.342,11–20,11,31,49.5,49.7,34.2,33.6,16.9,14.4,27.2,31.1,67.3,51.5,50.0,31.2,32.7,6.8,11.3,54.2,46.7,42.3,34.0,66.519,76.893,80.168,2.029,2025,0.0,0.0,34.191,,67.2,70.2,1.025,1.084,13.21,Tulsa
241,Iona,99.661,105.554,0.341,17–17,17,34,47.5,51.7,27.9,35.6,20.9,22.8,39.1,30.9,68.6,47.5,53.9,31.8,32.6,9.4,10.9,56.4,60.6,34.7,44.5,68.49,76.436,79.728,1.707,2025,0.0,0.0,5.579,,68.5,74.3,1.009,1.02,6.798,Iona
242,Hawaii,101.958,107.994,0.34,13–16,13,29,50.6,49.5,39.9,33.7,20.7,13.1,31.0,24.9,66.9,53.1,48.0,31.0,35.0,5.9,7.9,49.4,41.6,37.4,32.4,66.096,77.736,81.28,2.092,2025,0.0,0.0,0.2,,74.4,74.3,1.028,1.066,12.286,Hawaii
243,UT Arlington,106.475,112.838,0.339,11–18,11,29,51.7,50.4,37.0,34.3,19.2,16.4,32.8,32.5,68.5,50.6,48.5,35.4,36.0,7.8,10.3,53.7,57.0,42.2,34.9,67.83,76.672,80.661,2.495,2025,0.0,0.0,18.784,,65.3,73.5,1.052,1.092,12.939,UT Arlington
244,Georgia St.,107.446,113.929,0.338,13–19,13,32,50.4,51.0,33.8,26.2,16.9,12.9,32.4,31.9,69.5,49.8,51.8,34.4,33.2,7.9,8.6,44.7,53.8,33.3,41.5,69.382,78.217,80.817,2.035,2025,0.0,0.0,29.534,,68.6,72.2,1.062,1.127,14.527,Georgia St.
245,Sacred Heart,105.213,111.693,0.335,14–18,14,32,51.0,51.8,26.3,27.6,17.7,17.6,31.4,29.9,70.3,50.3,50.8,34.5,35.4,8.4,10.7,61.7,59.9,44.6,43.1,70.564,76.813,78.951,1.789,2025,0.0,0.0,0.2,,73.5,74.0,1.064,1.073,7.674,Sacred Heart
246,Georgia Southern,103.209,109.587,0.334,16–16,16,32,50.6,50.1,26.5,43.1,19.0,18.4,33.0,33.0,70.0,49.8,51.2,34.5,32.3,10.7,11.9,50.3,51.2,44.3,40.1,69.822,77.228,80.286,2.032,2025,0.0,0.0,12.772,,65.1,71.4,1.042,1.071,11.116,Georgia Southern
247,North Dakota,107.819,114.53,0.333,9–21,9,30,49.7,56.5,33.6,33.0,16.6,15.0,33.7,28.7,70.3,50.3,57.1,32.5,37.1,7.1,9.3,45.1,47.9,40.0,40.6,69.187,77.479,79.942,1.949,2025,0.0,0.0,11.284,,70.1,74.6,1.084,1.168,14.552,North Dakota
248,Portland,106.466,113.597,0.322,10–20,10,30,50.1,54.6,32.2,22.1,18.0,13.2,23.9,29.9,69.0,49.8,53.3,33.7,37.8,7.4,9.1,61.4,57.1,43.6,40.9,68.54,78.769,82.191,1.308,2025,0.0,0.0,2.689,,77.9,74.1,1.022,1.157,19.656,Portland
249,American,101.724,108.667,0.319,20–13,20,33,52.0,52.5,29.0,34.1,16.9,17.7,23.8,27.4,63.7,51.4,53.5,35.2,33.8,5.4,9.6,52.2,50.6,45.3,35.9,63.768,76.359,79.627,2.036,2025,0.0,0.0,0.2,,75.7,69.6,1.047,1.059,8.549,American
250,Toledo,111.173,118.794,0.318,17–15,17,32,50.5,56.4,35.5,26.5,13.7,15.5,29.8,30.9,69.5,50.6,55.9,33.6,38.2,7.1,7.5,46.0,45.8,28.6,37.5,68.585,77.018,79.296,1.626,2025,0.0,0.0,16.676,,75.7,74.2,1.116,1.163,14.968,Toledo
251,Northern Arizona,104.293,111.569,0.315,14–16,14,30,50.3,53.7,28.5,33.8,15.2,15.0,31.9,24.4,67.1,49.5,52.9,34.4,36.7,3.5,8.8,51.7,51.1,37.8,37.0,66.803,77.407,79.252,2.474,2025,0.0,0.0,7.576,,66.1,71.5,1.08,1.092,8.467,Northern Arizona
252,Idaho,107.867,115.439,0.314,12–19,12,31,51.8,54.0,33.6,35.7,17.9,15.1,28.9,31.3,66.7,51.5,55.1,34.7,34.9,7.9,10.7,48.7,52.3,47.9,39.9,66.598,76.767,79.639,1.552,2025,0.0,0.0,5.079,,76.1,69.3,1.076,1.144,11.836,Idaho
253,Presbyterian,103.3,110.595,0.313,11–19,11,30,51.1,52.9,31.1,38.9,16.2,17.8,29.4,31.1,65.5,49.7,53.7,36.0,34.3,8.6,8.3,46.7,46.9,33.9,34.8,64.693,77.491,79.8,1.83,2025,0.0,0.0,2.168,,68.5,72.0,1.064,1.099,10.441,Presbyterian
254,Little Rock,98.295,105.333,0.311,17–14,17,31,49.5,46.7,29.0,37.9,20.4,21.5,30.4,35.4,67.9,47.2,46.3,36.6,31.4,16.8,7.3,52.9,58.2,30.3,44.2,67.037,78.12,80.272,2.017,2025,0.0,0.0,29.074,,70.7,71.5,1.0,0.989,9.971,Little Rock
255,UC Davis,97.221,104.199,0.311,13–17,13,30,46.3,50.0,38.3,39.2,19.7,21.8,27.6,33.6,68.3,45.1,48.3,32.2,35.2,10.1,7.1,47.5,54.8,35.5,37.7,67.402,76.217,79.398,2.275,2025,0.0,0.0,6.849,,74.4,75.8,0.965,1.037,13.743,UC Davis
256,Jackson St.,100.376,107.594,0.31,16–18,16,34,47.7,50.6,37.5,30.6,19.5,17.4,30.1,30.0,70.1,47.1,50.3,32.6,34.1,9.6,9.1,49.7,55.9,33.7,41.7,68.744,76.04,80.051,1.824,2025,0.0,0.0,19.638,,73.0,70.7,1.004,1.048,17.831,Jackson St.
257,Evansville,98.52,105.654,0.309,10–21,10,31,48.8,50.2,31.1,34.6,17.7,16.7,22.6,29.2,66.9,51.5,49.4,29.9,34.1,13.9,7.6,52.6,54.8,40.6,44.9,67.144,78.324,81.639,1.439,2025,0.0,0.0,13.004,,70.5,73.7,0.973,1.068,15.124,Evansville
258,Mount St. Mary's,100.278,107.736,0.305,22–13,22,35,50.9,48.7,30.5,26.1,21.4,15.6,30.5,27.9,67.5,50.3,49.4,34.5,31.8,7.9,9.6,60.3,52.8,41.1,45.2,67.779,77.016,80.427,2.018,2025,-0.008,-0.013,0.877,,73.3,73.6,1.012,1.033,11.009,Mount St. Mary's
259,Manhattan,107.958,115.991,0.305,16–14,16,30,50.8,50.9,31.8,25.9,16.7,15.0,32.5,32.2,67.5,50.5,52.6,34.1,32.4,6.7,11.3,56.5,58.1,41.6,42.0,67.855,75.124,78.803,1.522,2025,0.0,0.0,6.606,,76.5,72.6,1.102,1.092,7.839,Manhattan
260,Monmouth,104.123,112.041,0.301,13–20,13,33,47.2,50.7,36.7,36.1,16.2,16.6,29.8,34.8,67.3,44.2,50.7,35.2,33.8,12.7,9.6,49.6,55.2,34.6,40.7,67.427,78.243,80.568,1.565,2025,0.0,0.0,4.93,,74.2,73.0,1.033,1.107,13.208,Monmouth
261,Cal St. Bakersfield,105.126,113.226,0.299,12–19,12,31,48.2,54.3,34.5,46.9,18.8,18.9,35.6,29.7,67.2,45.3,54.8,37.2,35.7,8.6,7.6,38.2,52.1,28.4,41.5,66.262,76.701,78.767,2.2,2025,0.0,0.0,0.2,,77.3,74.9,1.056,1.11,11.589,Cal St. Bakersfield
262,Charlotte,104.552,112.623,0.298,10–22,10,32,48.3,54.2,42.7,37.0,15.1,14.6,25.4,29.2,65.4,49.6,56.4,31.0,33.3,6.1,10.9,52.2,46.3,40.9,34.5,65.041,77.397,79.948,2.487,2025,0.0,0.0,10.18,,75.2,69.0,1.053,1.125,12.786,Charlotte
263,UMass Lowell,107.533,115.892,0.297,14–15,14,29,54.6,51.6,31.6,25.2,18.1,14.7,26.1,30.3,69.3,56.3,50.5,34.2,35.6,10.0,9.4,52.6,44.7,34.6,34.7,68.902,76.676,79.284,2.512,2025,0.0,0.0,0.99,,77.2,69.8,1.088,1.089,8.954,UMass Lowell
264,Houston Christian,100.538,108.358,0.297,10–20,10,30,49.1,52.6,30.5,29.4,18.0,17.9,26.0,32.0,64.9,49.3,54.5,32.5,32.3,9.3,10.0,46.4,44.0,44.0,31.8,64.817,75.838,78.051,2.239,2025,0.0,0.0,3.278,,68.8,70.2,0.997,1.078,14.373,Houston Christian
265,Eastern Michigan,104.791,113.176,0.292,15–16,15,31,52.4,53.7,33.0,38.5,18.7,17.8,29.6,31.7,68.2,52.4,51.9,35.0,37.7,9.5,8.8,47.2,50.2,38.2,38.8,67.43,77.1,79.963,2.216,2025,0.0,0.0,27.88,,74.3,74.4,1.065,1.121,9.039,Eastern Michigan
266,Fresno St.,100.54,108.623,0.291,6–26,6,32,46.1,54.0,36.4,23.5,17.7,18.0,27.0,34.0,70.8,45.6,56.0,31.3,34.2,8.7,10.6,44.0,57.6,35.3,43.0,71.055,77.393,81.112,1.449,2025,0.0,0.0,6.621,,69.2,72.2,0.973,1.11,23.292,Fresno St.
267,Alabama St.,100.837,109.264,0.284,19–16,19,35,47.0,50.7,29.1,38.9,13.1,18.7,28.0,30.8,69.1,45.6,50.8,32.6,33.7,8.4,9.3,44.7,50.9,42.7,40.2,67.983,76.516,79.706,2.345,2025,-0.01,-0.013,4.18,,69.2,69.4,1.036,1.048,13.162,Alabama St.
268,Siena,102.186,110.73,0.284,14–18,14,32,49.4,51.7,37.3,31.4,17.2,18.2,28.8,30.0,67.6,49.5,51.8,32.8,34.3,13.3,9.7,48.3,49.7,39.9,34.2,67.252,76.96,80.704,1.428,2025,0.0,0.0,8.825,,74.3,75.1,1.052,1.05,7.827,Siena
269,Gardner Webb,102.405,111.0,0.284,11–20,11,31,51.9,52.0,36.2,37.2,20.8,14.8,33.4,30.2,70.2,53.1,54.2,33.0,32.3,8.8,8.5,39.4,50.6,33.1,38.0,69.372,76.481,79.309,2.079,2025,0.0,0.0,3.382,,69.2,70.5,1.051,1.113,12.448,Gardner Webb
270,FIU,96.043,104.108,0.283,8–23,8,31,46.1,51.6,36.0,37.5,19.5,20.6,31.0,29.6,69.3,47.4,52.6,28.8,33.3,13.2,8.2,47.6,56.8,30.1,39.5,68.75,76.828,80.225,1.854,2025,0.0,0.0,2.264,,70.5,72.9,0.965,1.037,12.848,FIU
271,Denver,100.211,108.644,0.283,8–21,8,29,50.3,54.3,31.6,49.8,18.5,17.6,26.1,29.1,68.0,50.5,56.2,33.3,34.1,7.7,7.7,43.5,48.5,36.9,37.9,66.702,76.356,79.985,1.39,2025,0.0,0.0,0.2,,74.0,73.1,1.016,1.122,12.853,Denver
272,Ball St.,103.506,112.289,0.282,11–17,11,28,51.3,51.6,44.5,30.7,16.4,14.1,26.4,27.9,68.2,51.0,54.5,34.6,31.5,6.1,8.6,51.4,52.6,37.1,39.7,66.636,77.311,80.701,2.402,2025,0.0,0.0,6.23,,70.3,72.4,1.072,1.093,8.401,Ball St.
273,North Florida,107.814,117.282,0.275,13–17,13,30,53.2,54.1,24.8,31.1,15.0,14.7,27.9,34.2,72.6,54.0,54.5,35.0,35.5,7.0,12.8,53.6,54.3,54.0,31.1,72.465,76.562,78.872,1.843,2025,0.0,0.0,0.2,,67.9,72.5,1.101,1.165,14.319,North Florida
274,Bowling Green,99.773,108.547,0.275,12–18,12,30,49.9,52.6,34.5,29.8,17.5,17.3,25.6,27.4,69.9,49.6,54.6,33.5,33.2,9.4,12.2,43.6,54.9,39.7,42.4,69.037,76.221,79.497,2.138,2025,0.0,0.0,5.416,,74.7,78.5,1.029,1.078,9.382,Bowling Green
275,Colgate,104.032,113.244,0.274,13–19,13,32,54.2,53.3,22.6,25.5,16.7,16.3,23.7,26.9,66.7,54.6,51.5,35.7,37.3,6.9,9.4,52.4,53.9,42.2,40.0,67.284,77.151,79.648,1.803,2025,0.0,0.0,0.2,,73.1,70.2,1.063,1.082,9.55,Colgate
276,Albany,103.441,112.745,0.271,15–16,15,31,49.3,54.9,29.5,34.7,15.7,19.8,32.3,28.4,68.4,50.2,55.8,31.7,35.6,6.5,12.3,45.7,50.4,36.0,34.9,67.826,75.24,78.264,2.316,2025,0.0,0.0,16.094,,72.4,74.7,1.063,1.08,7.033,Albany
277,Western Michigan,102.293,111.577,0.269,11–20,11,31,47.0,54.5,31.0,33.2,15.8,16.6,34.4,27.9,69.3,49.3,55.0,28.2,35.8,6.7,10.6,45.4,57.0,32.9,41.0,67.969,77.811,80.941,1.888,2025,0.0,0.0,13.852,,67.4,70.1,1.033,1.111,12.836,Western Michigan
278,Mercer,98.391,107.508,0.265,12–19,12,31,48.9,50.8,29.8,32.8,16.6,16.8,28.8,28.7,71.5,49.8,49.7,31.8,34.7,8.0,9.6,46.6,55.3,40.1,46.0,71.194,76.363,79.408,2.334,2025,0.0,0.0,0.2,,65.3,71.8,1.018,1.063,10.668,Mercer
279,Stephen F. Austin,95.942,104.862,0.265,11–17,11,28,46.7,49.2,32.3,34.1,22.2,20.2,34.6,33.1,67.3,48.8,47.8,28.7,34.4,11.2,9.9,51.4,54.7,36.9,37.1,67.567,77.832,80.145,2.298,2025,0.0,0.0,0.433,,63.0,68.2,0.948,1.017,13.562,Stephen F. Austin
280,LIU,95.235,104.243,0.261,15–16,15,31,47.7,48.0,27.6,43.5,20.1,19.2,32.3,27.0,65.1,48.8,48.8,30.3,31.2,11.0,10.2,44.2,59.8,33.4,39.8,65.099,76.764,79.215,2.019,2025,0.0,0.0,0.2,,73.0,75.3,0.987,1.002,8.504,LIU
281,Pacific,100.846,110.419,0.261,7–24,7,31,48.1,53.2,32.8,37.1,19.3,15.4,28.8,28.2,67.9,50.3,52.9,29.7,35.8,7.9,9.0,49.7,60.3,37.8,39.5,66.761,77.683,80.257,2.117,2025,0.0,0.0,39.243,,73.4,77.2,0.994,1.129,21.341,Pacific
282,Texas Southern,95.657,105.022,0.255,12–17,12,29,47.5,47.4,28.9,36.2,19.8,19.6,30.5,34.7,71.2,46.2,46.5,33.1,32.6,10.0,9.7,51.8,55.7,35.8,41.3,70.169,76.558,80.742,2.716,2025,0.0,0.0,12.735,,72.0,68.5,0.981,1.009,13.791,Texas Southern
283,Eastern Washington,101.966,112.016,0.253,8–22,8,30,50.9,54.4,31.1,39.7,18.7,19.0,26.9,33.6,67.8,52.5,53.8,32.3,36.9,8.8,7.9,52.6,54.4,37.6,38.4,67.266,77.3,79.211,1.894,2025,0.0,0.0,7.707,,77.3,73.4,1.026,1.126,13.863,Eastern Washington
284,Marist,96.848,106.571,0.25,20–10,20,30,49.9,46.9,22.4,33.2,18.4,16.4,30.6,25.6,64.2,51.5,44.9,31.4,33.7,9.7,6.9,55.8,45.1,37.6,35.4,64.251,76.707,78.944,1.529,2025,0.0,0.0,0.2,,70.8,72.3,1.015,0.992,4.54,Marist
285,Tennessee Martin,102.146,112.7,0.244,11–19,11,30,47.6,52.3,34.4,33.9,19.5,18.9,34.7,30.8,66.8,48.5,52.0,31.1,35.0,8.4,14.4,51.1,57.0,47.3,48.2,66.546,76.897,79.418,1.607,2025,0.0,0.0,0.2,,69.4,70.6,1.025,1.068,8.995,Tennessee Martin
286,Navy,101.282,111.882,0.241,14–19,14,33,48.0,52.5,33.8,33.8,16.1,17.8,31.3,27.2,66.7,46.8,52.6,33.3,34.9,8.0,9.3,52.8,50.2,37.1,41.2,67.228,74.267,78.172,1.714,2025,0.0,0.0,0.2,,73.1,70.5,1.046,1.063,5.866,Navy
287,Tarleton St.,93.134,102.933,0.24,9–20,9,29,45.9,52.1,41.5,48.3,25.1,23.3,28.1,33.9,67.2,45.0,52.9,32.2,33.9,11.7,12.0,46.3,60.8,25.6,42.2,65.836,76.381,78.941,1.116,2025,0.0,0.0,0.2,,72.9,73.5,0.896,1.045,17.697,Tarleton St.
288,Austin Peay,101.964,112.863,0.237,12–19,12,31,48.7,53.8,28.9,36.0,14.8,16.8,25.8,31.2,66.9,47.1,52.0,34.0,37.9,7.5,13.4,49.5,51.3,40.2,35.9,66.248,76.123,78.997,1.946,2025,0.0,0.0,18.21,,71.3,73.1,1.035,1.119,13.531,Austin Peay
289,Saint Peter's,95.364,105.631,0.236,11–16,11,27,44.7,47.3,34.7,37.6,20.7,17.6,37.0,31.0,64.5,42.4,47.0,32.2,31.9,10.6,12.3,45.3,51.1,38.5,38.0,63.993,77.225,80.206,1.705,2025,0.0,0.0,0.2,,73.6,73.1,0.986,1.019,7.071,Saint Peter's
290,Tennessee Tech,101.322,112.262,0.235,13–17,13,30,50.7,49.6,28.8,22.2,17.4,15.2,25.0,32.4,68.5,49.0,50.6,35.1,31.9,6.4,9.5,59.3,47.5,46.4,34.1,68.068,76.074,78.589,1.982,2025,0.0,0.0,4.087,,70.8,74.4,1.025,1.072,9.704,Tennessee Tech
291,Weber St.,100.923,112.098,0.23,9–22,9,31,50.2,53.4,34.7,37.2,16.9,16.5,24.4,30.1,65.8,51.1,52.2,32.4,36.7,6.9,9.7,42.7,55.0,37.2,43.0,65.73,78.159,80.888,1.939,2025,0.0,0.0,5.722,,70.1,73.6,1.023,1.12,11.64,Weber St.
292,Old Dominion,99.691,110.75,0.23,13–20,13,33,44.1,51.2,30.9,35.0,16.9,16.0,36.4,32.0,66.2,45.0,51.2,28.3,34.1,9.0,10.2,43.6,49.2,35.8,35.3,66.254,77.974,80.08,1.502,2025,0.0,0.0,14.558,,71.7,69.5,1.01,1.091,10.564,Old Dominion
293,Air Force,98.699,109.671,0.229,4–28,4,32,50.1,54.6,35.4,35.4,20.8,15.7,22.7,29.0,64.7,50.5,54.8,33.1,36.3,8.1,12.4,62.9,48.6,48.5,36.2,64.689,78.103,80.552,1.633,2025,0.0,0.0,0.2,,63.5,70.0,0.95,1.13,20.729,Air Force
294,San Diego,100.023,111.235,0.228,5–27,5,32,45.7,54.0,30.5,46.1,18.4,18.5,29.9,31.6,71.8,46.3,51.6,29.7,38.5,10.1,9.5,45.8,57.2,35.8,38.3,71.235,77.986,81.943,1.705,2025,0.0,0.0,0.2,,75.1,73.4,0.977,1.117,18.058,San Diego
295,Bethune Cookman,97.678,108.657,0.227,17–16,17,33,48.2,48.8,35.9,32.4,19.5,16.7,28.8,30.0,69.6,48.4,49.8,31.9,31.3,9.7,10.0,52.9,53.2,33.9,36.9,69.176,77.225,79.481,2.427,2025,0.0,0.0,8.604,,69.0,72.5,0.986,1.036,14.127,Bethune Cookman
296,Lafayette,97.818,108.85,0.226,12–20,12,32,50.2,50.4,30.5,26.9,16.6,16.7,24.0,28.0,65.9,49.7,48.3,34.0,35.8,9.9,6.5,59.4,54.3,40.3,37.9,66.383,75.914,79.906,1.324,2025,0.0,0.0,1.282,,69.2,73.5,1.017,1.045,7.206,Lafayette
297,Columbia,104.425,116.571,0.22,10–15,10,25,52.6,56.4,29.5,25.4,15.4,16.4,25.9,26.7,71.4,53.9,54.6,33.8,39.2,5.8,10.0,60.1,63.7,39.1,41.8,71.045,76.825,79.387,1.803,2025,0.0,0.0,8.93,,72.8,73.1,1.08,1.129,11.011,Columbia
298,Oral Roberts,103.729,115.805,0.22,4–22,4,26,50.0,55.0,35.0,38.2,16.3,13.9,22.6,33.1,68.1,48.5,56.6,34.4,35.0,7.1,10.2,39.8,54.2,45.7,40.2,67.482,76.386,80.045,1.844,2025,0.0,0.0,31.415,,75.9,77.2,1.038,1.198,17.228,Oral Roberts
299,Saint Francis,100.215,111.989,0.218,13–18,13,31,51.8,51.2,24.0,27.8,19.7,16.2,25.0,29.9,66.6,52.6,53.3,33.8,32.2,7.0,9.2,50.7,50.6,42.0,43.1,67.409,76.313,78.649,1.179,2025,0.0,0.0,0.2,,72.5,74.1,1.002,1.081,12.479,Saint Francis
300,Lehigh,99.841,111.717,0.215,9–19,9,28,51.1,50.7,31.5,33.9,15.6,16.1,21.4,29.1,66.8,49.1,53.0,36.4,31.2,5.7,8.3,51.3,48.5,37.3,36.7,67.424,76.217,79.756,1.395,2025,0.0,0.0,0.2,,67.8,74.2,1.019,1.072,10.431,Lehigh
301,Louisiana,97.944,109.716,0.213,11–21,11,32,45.7,51.3,29.8,43.8,16.0,19.1,25.9,35.5,66.4,45.0,53.8,31.3,31.5,8.5,11.5,45.3,49.2,38.1,36.9,66.493,76.207,78.847,2.185,2025,0.0,0.0,9.287,,72.9,73.0,0.971,1.096,12.536,Louisiana
302,Fairleigh Dickinson,98.186,110.031,0.213,10–20,10,30,49.1,50.5,32.1,30.4,17.1,17.6,25.9,32.0,68.6,49.7,53.3,32.2,30.3,6.9,9.4,53.6,50.4,41.5,35.6,69.493,75.836,77.756,1.963,2025,0.0,0.0,0.2,,71.5,76.0,1.011,1.067,10.985,Fairleigh Dickinson
303,Utah Tech,101.763,114.113,0.211,5–26,5,31,48.8,53.0,33.7,41.1,18.3,17.4,26.2,33.5,68.6,47.9,53.7,33.4,34.4,8.5,11.1,51.6,50.3,39.8,31.5,67.638,75.52,78.618,2.282,2025,0.0,0.0,0.2,,70.2,70.9,0.991,1.117,14.553,Utah Tech
304,Howard,103.097,115.624,0.211,10–18,10,28,53.5,52.3,35.7,40.9,21.2,16.5,29.0,33.8,70.8,52.6,53.1,36.6,33.8,7.4,8.3,57.0,45.5,38.4,33.5,69.904,76.789,79.313,2.264,2025,0.0,0.0,12.439,,76.0,77.2,1.059,1.131,12.444,Howard
305,Penn,103.229,116.032,0.207,8–19,8,27,49.4,53.0,28.9,25.8,16.4,13.4,26.8,29.7,67.5,49.9,50.8,32.6,37.5,4.7,9.7,55.7,53.8,44.4,39.2,67.124,76.784,79.944,1.681,2025,0.0,0.0,0.2,,69.7,77.3,1.026,1.141,14.646,Penn
306,Southern Miss,96.833,108.981,0.204,9–22,9,31,47.9,50.2,33.8,35.4,19.5,16.1,28.1,30.2,71.0,49.8,51.2,29.8,32.5,11.2,9.4,56.9,51.6,36.9,38.4,70.999,76.695,79.335,2.498,2025,0.0,0.0,27.039,,69.4,70.6,0.978,1.07,11.908,Southern Miss
307,IU Indy,109.535,123.317,0.204,7–22,7,29,50.4,57.0,34.1,35.1,15.7,16.0,30.6,33.6,65.9,46.2,57.8,36.8,37.3,5.9,13.8,53.2,59.2,47.3,40.8,65.116,76.79,78.959,1.966,2025,0.0,0.0,0.2,,74.8,74.9,1.093,1.203,11.771,IU Indy
308,Rider,102.137,115.042,0.203,14–19,14,33,47.7,53.1,29.6,27.3,17.2,16.0,32.2,30.7,65.3,48.1,52.8,31.2,35.7,9.1,8.8,51.1,53.9,30.1,40.9,65.091,76.801,79.035,2.026,2025,0.0,0.0,11.592,,72.2,69.1,1.026,1.1,10.156,Rider
309,Loyola MD,99.989,112.759,0.201,11–19,11,30,50.1,52.8,29.3,30.2,17.7,16.9,28.6,27.9,66.7,50.7,52.9,32.9,35.1,7.9,7.0,54.8,51.8,39.6,35.7,66.766,77.328,79.717,1.7,2025,0.0,0.0,0.2,,68.9,74.3,1.027,1.077,7.112,Loyola MD
310,Eastern Illinois,93.728,105.82,0.199,9–19,9,28,44.1,51.0,33.0,39.7,18.7,20.8,30.0,30.9,67.0,42.6,50.2,31.7,34.7,8.1,11.5,46.0,61.8,29.7,44.4,66.374,76.369,78.674,2.304,2025,0.0,0.0,0.2,,69.3,71.1,0.94,1.04,12.644,Eastern Illinois
311,Charleston Southern,99.181,112.098,0.197,8–22,8,30,48.7,53.4,43.9,33.3,19.9,13.5,31.2,28.2,68.9,50.7,55.4,30.7,32.4,6.1,10.9,47.5,41.7,42.0,29.2,67.773,77.265,80.307,2.299,2025,0.0,0.0,1.074,,66.3,69.8,1.005,1.129,14.706,Charleston Southern
312,Army,100.267,113.418,0.195,15–16,15,31,49.5,53.7,26.1,27.4,14.3,16.0,25.9,29.2,67.6,51.4,54.8,31.2,34.8,6.1,8.9,50.5,53.7,41.7,42.0,67.921,74.897,78.012,1.948,2025,0.0,0.0,0.2,,68.0,70.4,1.035,1.105,7.991,Army
313,VMI,98.557,111.584,0.193,11–19,11,30,48.5,54.2,37.5,30.5,18.0,17.6,25.2,32.1,68.0,50.3,56.3,31.0,34.5,8.4,10.3,48.5,64.7,46.9,47.5,68.358,76.869,79.128,0.946,2025,0.0,0.0,0.2,,76.7,65.1,1.012,1.105,10.146,VMI
314,Boston University,98.472,111.591,0.192,15–16,15,31,50.2,52.4,30.7,32.0,20.6,16.7,32.5,23.4,63.7,50.7,51.2,33.0,36.1,8.2,9.6,48.8,52.8,41.9,40.2,63.546,77.389,80.653,1.675,2025,0.0,0.0,4.079,,66.9,74.6,1.015,1.055,6.747,Boston University
315,Delaware St.,101.162,114.703,0.191,12–14,12,26,48.8,53.8,36.3,40.3,18.1,20.0,34.0,32.1,71.3,47.6,56.3,35.5,33.5,6.4,6.5,44.8,57.4,20.7,41.1,70.361,76.919,80.901,2.367,2025,0.0,0.0,0.2,,72.3,73.7,1.047,1.092,8.676,Delaware St.
316,UMBC,105.1,119.18,0.191,10–19,10,29,55.2,54.1,31.6,27.9,15.9,17.4,19.4,33.7,71.0,53.8,54.2,38.4,35.8,5.9,8.0,50.4,46.7,38.4,34.4,70.709,76.411,78.603,2.324,2025,0.0,0.0,0.2,,70.0,69.5,1.072,1.118,8.426,UMBC
317,Long Beach St.,100.582,114.063,0.191,5–25,5,30,49.2,53.4,35.5,35.2,21.7,17.1,28.5,34.9,65.7,47.0,51.2,35.3,38.1,8.3,8.0,49.3,49.4,37.1,37.6,64.298,78.093,80.977,1.737,2025,0.0,0.0,20.12,,75.5,73.8,0.991,1.138,15.029,Long Beach St.
318,Coastal Carolina,101.289,114.891,0.19,8–22,8,30,49.4,48.6,34.4,36.9,18.4,10.5,29.0,28.7,64.2,47.7,48.5,34.8,32.5,4.3,10.8,49.2,42.3,39.2,36.3,63.4,77.758,81.793,1.745,2025,0.0,0.0,1.313,,69.4,73.3,1.024,1.12,8.976,Coastal Carolina
319,Grambling St.,95.8,108.689,0.19,9–22,9,31,47.3,49.3,35.1,31.3,19.2,18.3,26.3,31.1,66.1,46.9,47.0,32.0,35.7,9.8,10.2,48.5,52.6,35.0,35.6,64.126,77.111,80.524,2.038,2025,0.0,0.0,9.677,,72.9,74.9,0.966,1.039,13.771,Grambling St.
320,Binghamton,98.833,112.154,0.189,12–17,12,29,51.6,49.7,33.7,31.9,19.6,12.8,26.9,26.9,66.4,50.6,51.1,35.4,31.8,8.2,11.9,51.7,46.4,36.2,40.3,65.844,78.126,79.221,2.23,2025,0.0,0.0,2.051,,70.1,72.4,1.02,1.085,6.987,Binghamton
321,Lindenwood,94.858,107.757,0.188,13–17,13,30,45.0,50.7,36.0,34.7,17.9,19.4,30.0,31.5,69.9,47.6,50.0,26.7,34.6,10.0,11.1,42.3,50.6,34.6,37.5,69.68,76.91,79.212,1.709,2025,0.0,0.0,7.042,,68.8,70.5,0.961,1.044,11.038,Lindenwood
322,Morehead St.,98.259,111.962,0.182,12–17,12,29,45.9,50.3,37.6,34.7,18.4,14.4,31.2,25.4,64.9,45.5,49.9,31.2,34.1,6.4,9.8,48.1,46.0,34.1,33.4,64.297,77.427,80.198,2.291,2025,0.0,0.0,5.462,,67.4,75.1,0.978,1.072,10.12,Morehead St.
323,Florida A&M,102.239,116.53,0.182,12–17,12,29,50.6,51.4,36.7,39.9,20.7,15.4,27.7,31.9,68.4,50.8,51.5,33.6,34.2,8.3,10.4,52.4,48.3,46.6,36.5,67.448,77.302,80.886,2.547,2025,0.0,0.0,6.985,,71.4,69.6,1.005,1.112,17.969,Florida A&M
324,North Carolina Central,102.526,116.971,0.18,10–19,10,29,50.1,54.8,39.8,42.0,19.2,21.0,34.6,38.8,68.9,49.9,57.6,33.7,32.7,5.7,8.7,54.6,48.2,34.0,32.8,67.236,76.631,78.938,2.469,2025,0.0,0.0,0.2,,70.1,72.4,1.056,1.125,9.346,North Carolina Central
325,Alcorn St.,97.64,111.48,0.179,11–20,11,31,46.1,53.0,30.4,31.5,19.6,18.3,33.6,32.5,66.3,45.4,54.6,31.8,34.1,8.5,10.6,43.5,60.9,29.6,45.3,64.999,75.406,78.558,1.963,2025,0.0,0.0,0.308,,72.0,72.1,0.982,1.089,15.211,Alcorn St.
326,Southern Utah,96.023,109.744,0.177,9–19,9,28,46.8,49.9,36.2,33.0,21.6,15.1,30.1,32.0,70.0,47.2,49.8,30.5,33.3,9.0,8.7,48.5,50.6,32.6,27.7,69.221,77.118,80.401,2.473,2025,0.0,0.0,6.92,,72.9,68.5,0.954,1.075,14.982,Southern Utah
327,Green Bay,101.129,115.643,0.176,4–27,4,31,50.9,54.8,37.0,35.4,18.0,14.6,18.4,32.0,69.1,52.2,54.1,32.9,37.3,5.4,13.5,60.0,54.8,46.2,39.4,69.337,76.324,78.349,1.158,2025,0.0,0.0,0.2,,78.5,68.8,1.008,1.162,12.849,Green Bay
328,Niagara,100.908,115.526,0.174,10–20,10,30,52.0,53.0,30.4,29.8,18.6,16.8,23.6,27.3,64.8,51.8,51.8,34.9,36.7,6.5,9.3,51.7,55.7,42.8,38.4,65.136,76.714,79.273,2.125,2025,0.0,0.0,9.981,,74.0,78.6,1.028,1.092,8.307,Niagara
329,Texas A&M Commerce,96.757,111.104,0.169,5–26,5,31,49.2,53.8,28.0,36.5,22.5,19.9,28.1,35.9,67.8,51.1,52.6,31.4,37.4,10.7,13.4,61.6,59.4,48.3,34.6,67.659,76.302,79.365,1.997,2025,0.0,0.0,8.201,,64.4,69.2,0.945,1.1,15.409,Texas A&M Commerce
330,Stonehill,100.312,115.263,0.168,13–17,13,30,51.1,50.9,31.4,32.7,18.3,16.2,26.4,29.4,65.7,49.4,50.1,35.4,34.9,6.9,12.6,60.4,40.9,44.5,33.3,65.442,77.101,79.514,1.609,2025,0.0,0.0,0.2,,72.1,73.3,1.025,1.079,8.075,Stonehill
331,Holy Cross,100.966,116.07,0.168,11–19,11,30,53.1,53.5,22.2,25.4,17.9,13.6,23.3,27.0,65.9,49.6,54.5,38.6,34.5,7.9,7.7,48.2,52.8,42.3,37.8,66.097,77.266,78.621,1.115,2025,0.0,0.0,2.778,,71.7,68.7,1.032,1.11,8.63,Holy Cross
332,Mercyhurst,100.35,116.001,0.159,12–16,12,28,48.6,55.0,30.9,38.3,16.4,20.3,22.2,33.3,64.5,45.8,56.0,35.7,35.7,6.0,8.2,57.8,55.5,36.4,39.8,64.831,75.357,78.459,2.198,2025,0.0,0.0,0.2,,80.7,71.3,1.006,1.098,9.145,Mercyhurst
333,Stony Brook,101.586,117.759,0.155,7–24,7,31,47.7,56.0,31.6,28.4,18.3,14.9,29.5,31.2,64.6,45.7,57.2,33.8,36.3,6.0,11.0,48.8,58.7,39.0,42.3,64.731,77.208,79.534,1.999,2025,0.0,0.0,0.498,,74.5,69.9,1.016,1.162,10.461,Stony Brook
334,USC Upstate,99.204,115.088,0.153,3–26,3,29,49.8,56.1,30.4,39.5,19.0,16.6,25.3,32.4,73.5,53.1,58.3,29.4,35.2,6.4,7.9,48.1,47.6,36.9,40.2,72.983,76.472,78.994,0.981,2025,0.0,0.0,10.219,,67.7,72.2,0.987,1.163,12.671,USC Upstate
335,Fairfield,97.549,113.246,0.152,11–20,11,31,46.3,53.7,25.4,31.0,15.5,18.2,28.6,31.0,66.5,45.8,53.4,31.5,36.0,8.4,9.8,51.0,52.8,38.3,36.9,66.114,75.95,80.095,2.179,2025,0.0,0.0,10.375,,73.3,77.1,0.999,1.102,6.948,Fairfield
336,Southern Indiana,98.736,114.856,0.149,8–20,8,28,47.9,51.8,30.7,35.6,17.2,16.7,27.9,31.3,68.1,45.4,50.0,35.2,36.7,7.1,8.2,43.6,46.6,33.5,36.5,67.247,76.355,79.438,1.89,2025,0.0,0.0,0.2,,73.9,68.0,1.008,1.087,6.41,Southern Indiana
337,Morgan St.,100.535,117.154,0.147,10–18,10,28,49.0,52.4,35.7,39.1,17.9,17.0,34.1,36.9,71.7,49.5,51.0,31.6,36.8,11.1,8.8,43.7,54.1,21.7,34.3,70.675,76.165,80.187,2.444,2025,0.0,0.0,2.091,,72.5,68.8,1.049,1.139,9.89,Morgan St.
338,North Carolina A&T,96.613,112.802,0.144,6–25,6,31,45.8,51.5,31.2,30.0,15.4,15.3,27.0,31.4,69.1,46.3,52.4,30.0,33.3,8.2,9.4,44.4,57.4,36.0,38.5,69.541,75.738,78.459,1.238,2025,0.0,0.0,19.957,,68.7,75.9,0.983,1.113,11.685,North Carolina A&T
339,Wagner,93.072,108.824,0.142,10–16,10,26,43.7,50.4,29.3,39.9,19.4,18.2,31.7,25.0,60.5,41.5,50.8,31.6,33.2,5.1,9.9,54.8,56.0,37.6,42.9,60.385,76.736,79.657,2.354,2025,0.0,0.0,0.2,,71.1,72.8,0.938,1.028,8.823,Wagner
340,Bellarmine,103.446,121.078,0.141,3–26,3,29,53.7,58.1,26.5,34.9,17.4,15.4,20.2,30.0,67.2,53.9,57.8,35.6,39.0,5.6,7.4,52.4,55.8,43.2,47.4,66.516,76.508,78.949,1.654,2025,0.0,0.0,0.2,,76.6,76.2,1.046,1.2,12.238,Bellarmine
341,Western Illinois,99.655,116.88,0.138,9–19,9,28,50.1,51.1,27.2,30.6,18.2,14.4,28.1,31.8,65.1,46.7,50.2,37.3,35.1,9.2,7.5,39.2,47.6,37.2,34.8,64.636,77.018,79.619,2.578,2025,0.0,0.0,7.691,,69.2,73.8,1.013,1.115,6.812,Western Illinois
342,Western Carolina,95.646,112.412,0.135,5–22,5,27,45.4,51.1,27.0,34.0,19.0,13.5,25.7,29.4,71.1,46.3,52.8,29.7,32.6,9.0,9.4,48.8,54.3,48.2,44.0,70.726,77.329,80.825,1.878,2025,0.0,0.0,0.213,,73.5,74.5,0.933,1.12,15.393,Western Carolina
343,Detroit Mercy,95.165,112.272,0.13,7–24,7,31,45.6,51.2,28.9,39.8,19.1,15.5,31.9,30.5,67.6,43.9,52.4,33.3,33.2,8.0,8.8,43.9,59.1,28.4,47.0,67.29,77.58,80.25,1.021,2025,0.0,0.0,5.249,,73.3,72.0,0.965,1.116,12.246,Detroit Mercy
344,Louisiana Monroe,96.859,114.595,0.126,5–25,5,30,45.0,53.6,31.1,25.1,17.1,16.1,29.0,32.5,68.0,43.1,55.8,32.5,34.0,6.9,9.8,51.6,58.3,33.9,45.1,67.993,78.118,81.497,2.461,2025,0.0,0.0,0.2,,71.0,70.9,0.966,1.123,10.017,Louisiana Monroe
345,Buffalo,95.869,113.533,0.125,7–22,7,29,48.8,54.2,32.7,31.2,19.5,16.2,24.8,31.3,72.2,51.3,53.4,30.5,37.2,8.7,10.3,52.9,52.8,43.9,35.2,70.876,77.14,80.012,1.121,2025,0.0,0.0,8.737,,69.9,72.3,0.974,1.13,12.2,Buffalo
346,New Orleans,99.353,117.684,0.125,4–27,4,31,45.9,54.9,33.9,26.6,18.8,16.1,31.6,35.5,69.5,46.0,55.1,30.4,36.4,7.1,11.1,50.1,58.5,30.7,42.4,69.45,75.274,79.147,1.417,2025,0.0,0.0,6.865,,66.9,72.2,0.969,1.176,18.34,New Orleans
347,West Georgia,96.939,115.101,0.122,5–25,5,30,47.2,56.1,28.8,36.3,16.3,16.6,26.1,29.2,68.9,48.4,56.9,29.7,36.8,9.3,7.5,51.2,57.3,30.1,43.7,68.313,76.304,78.671,2.138,2025,0.0,0.0,0.2,,69.0,71.9,0.983,1.143,11.14,West Georgia
348,Le Moyne,102.907,122.21,0.122,7–23,7,30,51.5,54.7,37.7,36.9,19.6,16.3,25.7,32.9,68.4,53.2,54.1,32.8,37.0,5.9,9.0,54.3,57.2,41.3,41.4,68.874,76.773,79.636,1.911,2025,0.0,0.0,8.778,,71.1,73.3,1.022,1.156,9.542,Le Moyne
349,Northern Illinois,94.404,112.234,0.12,3–25,3,28,47.1,53.2,31.6,44.0,16.3,16.6,17.8,30.8,70.1,45.3,51.0,32.7,38.0,9.5,9.8,52.3,54.6,49.2,37.5,69.134,76.483,78.683,1.575,2025,0.0,0.0,12.195,,70.8,71.5,0.95,1.12,10.567,Northern Illinois
350,Sacramento St.,95.46,113.912,0.116,4–25,4,29,48.0,55.1,31.3,39.2,20.3,17.1,27.4,27.6,65.7,49.1,55.2,31.2,36.6,9.4,10.6,53.3,58.5,44.9,46.0,65.66,76.901,80.351,1.424,2025,0.0,0.0,0.2,,68.2,71.7,0.964,1.117,10.437,Sacramento St.
351,Central Arkansas,97.409,117.343,0.105,7–24,7,31,47.4,56.8,28.8,22.6,18.2,16.7,28.6,30.0,67.4,50.2,55.4,29.6,38.7,8.1,12.5,56.1,61.5,47.8,52.1,66.568,76.946,80.562,0.82,2025,0.0,0.0,0.2,,72.0,72.4,0.992,1.15,14.072,Central Arkansas
352,NJIT,94.264,113.769,0.103,5–25,5,30,45.3,50.0,27.4,38.6,18.0,13.8,27.7,31.8,66.8,45.0,51.9,30.5,31.0,9.2,10.2,41.9,50.6,37.8,35.2,66.552,76.236,79.09,0.947,2025,0.0,0.0,0.2,,73.0,68.8,0.952,1.101,8.443,NJIT
353,Stetson,98.949,119.749,0.1,6–24,6,30,50.2,53.1,33.1,27.7,18.7,13.1,24.1,34.3,68.8,50.2,52.6,33.5,35.9,7.7,8.4,45.5,55.6,37.7,41.4,67.868,77.632,80.833,1.891,2025,0.0,0.0,16.987,,73.9,75.8,1.006,1.179,11.682,Stetson
354,Canisius,99.398,121.192,0.093,3–28,3,31,51.2,56.9,23.3,31.4,18.5,16.4,18.3,34.3,66.2,48.4,58.7,36.7,36.2,7.2,9.9,47.7,59.0,41.4,40.9,66.449,76.7,79.307,1.676,2025,0.0,0.0,4.438,,75.9,76.1,0.978,1.188,12.133,Canisius
355,Cal St. Fullerton,91.937,112.411,0.09,4–26,4,30,44.2,54.3,39.2,34.1,21.3,16.1,25.9,29.8,68.9,46.1,55.9,27.0,34.9,6.1,9.4,41.5,56.1,34.1,45.8,68.357,77.075,80.381,1.612,2025,0.0,0.0,3.335,,73.8,75.2,0.905,1.142,16.432,Cal St. Fullerton
356,New Hampshire,94.053,115.191,0.089,6–24,6,30,47.1,54.4,26.4,33.0,19.0,16.9,27.4,31.6,68.4,46.8,56.4,31.7,34.1,6.6,13.1,46.3,53.7,40.8,39.7,67.899,77.27,80.296,1.426,2025,0.0,0.0,6.446,,65.3,70.6,0.948,1.129,8.945,New Hampshire
357,Prairie View A&M,96.302,117.954,0.088,4–27,4,31,48.2,56.2,33.8,40.5,16.7,20.0,24.5,39.1,71.4,48.6,57.6,31.5,35.7,8.3,9.5,47.5,52.2,33.7,32.7,70.545,74.775,78.962,2.209,2025,0.0,0.0,1.313,,69.1,69.8,0.982,1.15,14.563,Prairie View A&M
358,Alabama A&M,92.901,114.926,0.08,7–22,7,29,45.1,54.3,38.6,46.7,21.9,21.0,33.9,34.6,71.8,44.3,51.8,30.8,39.0,10.7,8.7,53.4,57.8,41.6,37.5,70.996,76.832,80.365,1.912,2025,0.0,0.0,0.2,,66.7,70.2,0.948,1.093,8.358,Alabama A&M
359,Maryland Eastern Shore,95.331,118.956,0.073,2–25,2,27,45.7,55.3,35.6,40.6,19.7,15.5,27.1,34.1,67.4,44.7,58.6,31.5,33.3,5.7,8.9,46.4,57.2,37.2,37.7,66.384,76.754,79.764,1.836,2025,0.0,0.0,4.489,,66.7,71.3,0.939,1.179,17.21,Maryland Eastern Shore
360,The Citadel,93.982,117.569,0.071,1–25,1,26,46.9,54.5,32.8,32.8,19.5,15.2,27.2,32.0,65.5,49.5,56.3,29.2,34.7,5.7,11.6,52.2,54.5,45.2,42.7,64.815,76.981,78.922,1.756,2025,0.0,0.0,0.2,,62.3,74.2,0.949,1.158,10.095,The Citadel
361,Chicago St.,92.738,116.393,0.068,4–28,4,32,44.4,54.9,26.8,36.9,18.5,18.2,22.6,33.6,69.0,43.4,55.7,30.6,35.8,10.2,8.9,48.5,57.5,40.9,39.4,68.832,77.064,78.462,1.665,2025,0.0,0.0,6.202,,70.5,72.1,0.9,1.132,15.309,Chicago St.
362,Arkansas Pine Bluff,95.318,121.785,0.056,4–25,4,29,50.3,56.3,32.8,40.5,20.4,16.8,26.3,34.6,72.5,52.6,58.5,31.0,35.7,6.3,9.2,52.2,59.5,37.9,44.9,71.833,77.108,80.38,1.633,2025,0.0,0.0,0.2,,59.0,69.6,0.962,1.181,13.983,Arkansas Pine Bluff
363,Coppin St.,88.032,112.578,0.056,5–24,5,29,44.0,55.6,36.4,37.1,21.6,20.5,26.5,33.9,68.9,44.2,56.3,29.0,36.3,5.4,13.2,50.4,57.8,32.1,38.8,68.25,76.804,79.614,1.919,2025,0.0,0.0,0.2,,67.8,71.9,0.887,1.111,12.889,Coppin St.
364,Mississippi Valley St.,83.058,125.298,0.009,1–28,1,29,42.1,57.9,30.3,38.4,24.3,15.0,22.7,38.0,66.1,41.6,58.8,28.8,37.7,4.9,10.5,41.7,52.9,30.6,38.4,65.071,76.097,79.434,2.353,2025,0.0,0.0,0.2,,66.9,68.1,0.793,1.244,19.726,Mississippi Valley St.
